"City and Borough of Juneau NOT SEASONALLY adjusted",
"Area Name","Area Type","Area Code",Year,month,period,"Preliminary if value is 1","Labor Force",Employment,Unemployment,"Unemployment Rate"
"City and Borough of Juneau",04,000110,1990,January,01,0,14250,13381,869,6.1
"City and Borough of Juneau",04,000110,1990,February,02,0,14243,13335,908,6.4
"City and Borough of Juneau",04,000110,1990,March,03,0,14488,13696,792,5.5
"City and Borough of Juneau",04,000110,1990,April,04,0,14866,14140,726,4.9
"City and Borough of Juneau",04,000110,1990,May,05,0,15194,14566,628,4.1
"City and Borough of Juneau",04,000110,1990,June,06,0,15659,14943,716,4.6
"City and Borough of Juneau",04,000110,1990,July,07,0,16398,15646,752,4.6
"City and Borough of Juneau",04,000110,1990,August,08,0,16563,15766,797,4.8
"City and Borough of Juneau",04,000110,1990,September,09,0,16126,15341,785,4.9
"City and Borough of Juneau",04,000110,1990,October,10,0,15173,14316,857,5.6
"City and Borough of Juneau",04,000110,1990,November,11,0,14917,14038,879,5.9
"City and Borough of Juneau",04,000110,1990,December,12,0,14538,13628,910,6.3
"City and Borough of Juneau",04,000110,1990,Annual,00,0,15202,14400,802,5.3
"City and Borough of Juneau",04,000110,1991,January,01,0,14286,13260,1026,7.2
"City and Borough of Juneau",04,000110,1991,February,02,0,14447,13337,1110,7.7
"City and Borough of Juneau",04,000110,1991,March,03,0,14688,13638,1050,7.1
"City and Borough of Juneau",04,000110,1991,April,04,0,15032,14196,836,5.6
"City and Borough of Juneau",04,000110,1991,May,05,0,15461,14718,743,4.8
"City and Borough of Juneau",04,000110,1991,June,06,0,15712,14899,813,5.2
"City and Borough of Juneau",04,000110,1991,July,07,0,16566,15687,879,5.3
"City and Borough of Juneau",04,000110,1991,August,08,0,16778,15874,904,5.4
"City and Borough of Juneau",04,000110,1991,September,09,0,16505,15549,956,5.8
"City and Borough of Juneau",04,000110,1991,October,10,0,15414,14442,972,6.3
"City and Borough of Juneau",04,000110,1991,November,11,0,15060,14035,1025,6.8
"City and Borough of Juneau",04,000110,1991,December,12,0,14882,13816,1066,7.2
"City and Borough of Juneau",04,000110,1991,Annual,00,0,15402,14454,948,6.2
"City and Borough of Juneau",04,000110,1992,January,01,0,14699,13450,1249,8.5
"City and Borough of Juneau",04,000110,1992,February,02,0,14627,13443,1184,8.1
"City and Borough of Juneau",04,000110,1992,March,03,0,14976,13860,1116,7.5
"City and Borough of Juneau",04,000110,1992,April,04,0,15342,14384,958,6.2
"City and Borough of Juneau",04,000110,1992,May,05,0,16016,15083,933,5.8
"City and Borough of Juneau",04,000110,1992,June,06,0,16459,15391,1068,6.5
"City and Borough of Juneau",04,000110,1992,July,07,0,17425,16306,1119,6.4
"City and Borough of Juneau",04,000110,1992,August,08,0,17631,16518,1113,6.3
"City and Borough of Juneau",04,000110,1992,September,09,0,17249,16134,1115,6.5
"City and Borough of Juneau",04,000110,1992,October,10,0,16395,15308,1087,6.6
"City and Borough of Juneau",04,000110,1992,November,11,0,16046,14947,1099,6.8
"City and Borough of Juneau",04,000110,1992,December,12,0,15835,14722,1113,7.0
"City and Borough of Juneau",04,000110,1992,Annual,00,0,16058,14962,1096,6.8
"City and Borough of Juneau",04,000110,1993,January,01,0,14895,13804,1091,7.3
"City and Borough of Juneau",04,000110,1993,February,02,0,15039,13910,1129,7.5
"City and Borough of Juneau",04,000110,1993,March,03,0,15421,14421,1000,6.5
"City and Borough of Juneau",04,000110,1993,April,04,0,15634,14781,853,5.5
"City and Borough of Juneau",04,000110,1993,May,05,0,16117,15298,819,5.1
"City and Borough of Juneau",04,000110,1993,June,06,0,16808,15792,1016,6.0
"City and Borough of Juneau",04,000110,1993,July,07,0,17522,16530,992,5.7
"City and Borough of Juneau",04,000110,1993,August,08,0,17592,16566,1026,5.8
"City and Borough of Juneau",04,000110,1993,September,09,0,17296,16274,1022,5.9
"City and Borough of Juneau",04,000110,1993,October,10,0,16517,15456,1061,6.4
"City and Borough of Juneau",04,000110,1993,November,11,0,15684,14713,971,6.2
"City and Borough of Juneau",04,000110,1993,December,12,0,15343,14372,971,6.3
"City and Borough of Juneau",04,000110,1993,Annual,00,0,16156,15160,996,6.2
"City and Borough of Juneau",04,000110,1994,January,01,0,15030,13919,1111,7.4
"City and Borough of Juneau",04,000110,1994,February,02,0,15028,13899,1129,7.5
"City and Borough of Juneau",04,000110,1994,March,03,0,15236,14094,1142,7.5
"City and Borough of Juneau",04,000110,1994,April,04,0,15666,14719,947,6.0
"City and Borough of Juneau",04,000110,1994,May,05,0,16553,15670,883,5.3
"City and Borough of Juneau",04,000110,1994,June,06,0,17042,16079,963,5.7
"City and Borough of Juneau",04,000110,1994,July,07,0,17462,16532,930,5.3
"City and Borough of Juneau",04,000110,1994,August,08,0,17672,16807,865,4.9
"City and Borough of Juneau",04,000110,1994,September,09,0,17039,16157,882,5.2
"City and Borough of Juneau",04,000110,1994,October,10,0,16169,15294,875,5.4
"City and Borough of Juneau",04,000110,1994,November,11,0,15812,14926,886,5.6
"City and Borough of Juneau",04,000110,1994,December,12,0,15390,14533,857,5.6
"City and Borough of Juneau",04,000110,1994,Annual,00,0,16175,15219,956,5.9
"City and Borough of Juneau",04,000110,1995,January,01,0,15304,14300,1004,6.6
"City and Borough of Juneau",04,000110,1995,February,02,0,15247,14277,970,6.4
"City and Borough of Juneau",04,000110,1995,March,03,0,15572,14595,977,6.3
"City and Borough of Juneau",04,000110,1995,April,04,0,16416,15505,911,5.5
"City and Borough of Juneau",04,000110,1995,May,05,0,16983,16139,844,5.0
"City and Borough of Juneau",04,000110,1995,June,06,0,17120,16202,918,5.4
"City and Borough of Juneau",04,000110,1995,July,07,0,18209,17200,1009,5.5
"City and Borough of Juneau",04,000110,1995,August,08,0,18210,17313,897,4.9
"City and Borough of Juneau",04,000110,1995,September,09,0,17645,16697,948,5.4
"City and Borough of Juneau",04,000110,1995,October,10,0,16770,15730,1040,6.2
"City and Borough of Juneau",04,000110,1995,November,11,0,16432,15381,1051,6.4
"City and Borough of Juneau",04,000110,1995,December,12,0,16027,15046,981,6.1
"City and Borough of Juneau",04,000110,1995,Annual,00,0,16662,15699,963,5.8
"City and Borough of Juneau",04,000110,1996,January,01,0,15828,14696,1132,7.2
"City and Borough of Juneau",04,000110,1996,February,02,0,15949,14801,1148,7.2
"City and Borough of Juneau",04,000110,1996,March,03,0,16249,15070,1179,7.3
"City and Borough of Juneau",04,000110,1996,April,04,0,16645,15757,888,5.3
"City and Borough of Juneau",04,000110,1996,May,05,0,17229,16353,876,5.1
"City and Borough of Juneau",04,000110,1996,June,06,0,17526,16619,907,5.2
"City and Borough of Juneau",04,000110,1996,July,07,0,18609,17649,960,5.2
"City and Borough of Juneau",04,000110,1996,August,08,0,18567,17701,866,4.7
"City and Borough of Juneau",04,000110,1996,September,09,0,17856,16983,873,4.9
"City and Borough of Juneau",04,000110,1996,October,10,0,17041,16037,1004,5.9
"City and Borough of Juneau",04,000110,1996,November,11,0,16495,15423,1072,6.5
"City and Borough of Juneau",04,000110,1996,December,12,0,16321,15298,1023,6.3
"City and Borough of Juneau",04,000110,1996,Annual,00,0,17026,16032,994,5.8
"City and Borough of Juneau",04,000110,1997,January,01,0,16250,15074,1176,7.2
"City and Borough of Juneau",04,000110,1997,February,02,0,16406,15210,1196,7.3
"City and Borough of Juneau",04,000110,1997,March,03,0,16812,15596,1216,7.2
"City and Borough of Juneau",04,000110,1997,April,04,0,16814,15874,940,5.6
"City and Borough of Juneau",04,000110,1997,May,05,0,17541,16744,797,4.5
"City and Borough of Juneau",04,000110,1997,June,06,0,17806,16968,838,4.7
"City and Borough of Juneau",04,000110,1997,July,07,0,18670,17815,855,4.6
"City and Borough of Juneau",04,000110,1997,August,08,0,18757,17953,804,4.3
"City and Borough of Juneau",04,000110,1997,September,09,0,18179,17341,838,4.6
"City and Borough of Juneau",04,000110,1997,October,10,0,17053,16095,958,5.6
"City and Borough of Juneau",04,000110,1997,November,11,0,16725,15814,911,5.4
"City and Borough of Juneau",04,000110,1997,December,12,0,16506,15539,967,5.9
"City and Borough of Juneau",04,000110,1997,Annual,00,0,17293,16335,958,5.5
"City and Borough of Juneau",04,000110,1998,January,01,0,15819,14807,1012,6.4
"City and Borough of Juneau",04,000110,1998,February,02,0,15869,14783,1086,6.8
"City and Borough of Juneau",04,000110,1998,March,03,0,16328,15221,1107,6.8
"City and Borough of Juneau",04,000110,1998,April,04,0,16367,15515,852,5.2
"City and Borough of Juneau",04,000110,1998,May,05,0,17105,16266,839,4.9
"City and Borough of Juneau",04,000110,1998,June,06,0,17539,16523,1016,5.8
"City and Borough of Juneau",04,000110,1998,July,07,0,18186,17304,882,4.8
"City and Borough of Juneau",04,000110,1998,August,08,0,18414,17525,889,4.8
"City and Borough of Juneau",04,000110,1998,September,09,0,17714,16774,940,5.3
"City and Borough of Juneau",04,000110,1998,October,10,0,16899,15885,1014,6.0
"City and Borough of Juneau",04,000110,1998,November,11,0,16656,15658,998,6.0
"City and Borough of Juneau",04,000110,1998,December,12,0,16156,15250,906,5.6
"City and Borough of Juneau",04,000110,1998,Annual,00,0,16921,15959,962,5.7
"City and Borough of Juneau",04,000110,1999,January,01,0,15834,14861,973,6.1
"City and Borough of Juneau",04,000110,1999,February,02,0,16047,15032,1015,6.3
"City and Borough of Juneau",04,000110,1999,March,03,0,16185,15192,993,6.1
"City and Borough of Juneau",04,000110,1999,April,04,0,16547,15696,851,5.1
"City and Borough of Juneau",04,000110,1999,May,05,0,17417,16645,772,4.4
"City and Borough of Juneau",04,000110,1999,June,06,0,17952,17081,871,4.9
"City and Borough of Juneau",04,000110,1999,July,07,0,18884,18031,853,4.5
"City and Borough of Juneau",04,000110,1999,August,08,0,18623,17823,800,4.3
"City and Borough of Juneau",04,000110,1999,September,09,0,18304,17479,825,4.5
"City and Borough of Juneau",04,000110,1999,October,10,0,17114,16274,840,4.9
"City and Borough of Juneau",04,000110,1999,November,11,0,16684,15903,781,4.7
"City and Borough of Juneau",04,000110,1999,December,12,0,16452,15704,748,4.5
"City and Borough of Juneau",04,000110,1999,Annual,00,0,17170,16310,860,5.0
"City and Borough of Juneau",04,000110,2000,January,01,0,17945,17020,925,5.2
"City and Borough of Juneau",04,000110,2000,February,02,0,18079,17094,985,5.4
"City and Borough of Juneau",04,000110,2000,March,03,0,18080,17120,960,5.3
"City and Borough of Juneau",04,000110,2000,April,04,0,17949,17113,836,4.7
"City and Borough of Juneau",04,000110,2000,May,05,0,18325,17495,830,4.5
"City and Borough of Juneau",04,000110,2000,June,06,0,18692,17834,858,4.6
"City and Borough of Juneau",04,000110,2000,July,07,0,18616,17871,745,4.0
"City and Borough of Juneau",04,000110,2000,August,08,0,18099,17355,744,4.1
"City and Borough of Juneau",04,000110,2000,September,09,0,17781,17041,740,4.2
"City and Borough of Juneau",04,000110,2000,October,10,0,17602,16824,778,4.4
"City and Borough of Juneau",04,000110,2000,November,11,0,17595,16774,821,4.7
"City and Borough of Juneau",04,000110,2000,December,12,0,17715,16898,817,4.6
"City and Borough of Juneau",04,000110,2000,Annual,00,0,18040,17203,837,4.6
"City and Borough of Juneau",04,000110,2001,January,01,0,17754,16806,948,5.3
"City and Borough of Juneau",04,000110,2001,February,02,0,17706,16773,933,5.3
"City and Borough of Juneau",04,000110,2001,March,03,0,17798,16886,912,5.1
"City and Borough of Juneau",04,000110,2001,April,04,0,17704,16865,839,4.7
"City and Borough of Juneau",04,000110,2001,May,05,0,18058,17300,758,4.2
"City and Borough of Juneau",04,000110,2001,June,06,0,18283,17466,817,4.5
"City and Borough of Juneau",04,000110,2001,July,07,0,18637,17909,728,3.9
"City and Borough of Juneau",04,000110,2001,August,08,0,18327,17618,709,3.9
"City and Borough of Juneau",04,000110,2001,September,09,0,17980,17232,748,4.2
"City and Borough of Juneau",04,000110,2001,October,10,0,17969,17119,850,4.7
"City and Borough of Juneau",04,000110,2001,November,11,0,17801,16924,877,4.9
"City and Borough of Juneau",04,000110,2001,December,12,0,18076,17134,942,5.2
"City and Borough of Juneau",04,000110,2001,Annual,00,0,18007,17169,838,4.7
"City and Borough of Juneau",04,000110,2002,January,01,0,17773,16700,1073,6.0
"City and Borough of Juneau",04,000110,2002,February,02,0,17925,16829,1096,6.1
"City and Borough of Juneau",04,000110,2002,March,03,0,17848,16743,1105,6.2
"City and Borough of Juneau",04,000110,2002,April,04,0,18009,16996,1013,5.6
"City and Borough of Juneau",04,000110,2002,May,05,0,18407,17500,907,4.9
"City and Borough of Juneau",04,000110,2002,June,06,0,18333,17313,1020,5.6
"City and Borough of Juneau",04,000110,2002,July,07,0,18675,17776,899,4.8
"City and Borough of Juneau",04,000110,2002,August,08,0,18310,17462,848,4.6
"City and Borough of Juneau",04,000110,2002,September,09,0,17956,17123,833,4.6
"City and Borough of Juneau",04,000110,2002,October,10,0,17622,16736,886,5.0
"City and Borough of Juneau",04,000110,2002,November,11,0,17608,16651,957,5.4
"City and Borough of Juneau",04,000110,2002,December,12,0,17583,16580,1003,5.7
"City and Borough of Juneau",04,000110,2002,Annual,00,0,18004,17034,970,5.4
"City and Borough of Juneau",04,000110,2003,January,01,0,17773,16663,1110,6.2
"City and Borough of Juneau",04,000110,2003,February,02,0,17902,16758,1144,6.4
"City and Borough of Juneau",04,000110,2003,March,03,0,17887,16799,1088,6.1
"City and Borough of Juneau",04,000110,2003,April,04,0,18012,16979,1033,5.7
"City and Borough of Juneau",04,000110,2003,May,05,0,18438,17457,981,5.3
"City and Borough of Juneau",04,000110,2003,June,06,0,18937,17831,1106,5.8
"City and Borough of Juneau",04,000110,2003,July,07,0,18796,17830,966,5.1
"City and Borough of Juneau",04,000110,2003,August,08,0,18353,17435,918,5.0
"City and Borough of Juneau",04,000110,2003,September,09,0,18196,17269,927,5.1
"City and Borough of Juneau",04,000110,2003,October,10,0,17679,16710,969,5.5
"City and Borough of Juneau",04,000110,2003,November,11,0,17748,16641,1107,6.2
"City and Borough of Juneau",04,000110,2003,December,12,0,17604,16514,1090,6.2
"City and Borough of Juneau",04,000110,2003,Annual,00,0,18111,17074,1037,5.7
"City and Borough of Juneau",04,000110,2004,January,01,0,17860,16644,1216,6.8
"City and Borough of Juneau",04,000110,2004,February,02,0,17846,16624,1222,6.8
"City and Borough of Juneau",04,000110,2004,March,03,0,17867,16665,1202,6.7
"City and Borough of Juneau",04,000110,2004,April,04,0,17823,16811,1012,5.7
"City and Borough of Juneau",04,000110,2004,May,05,0,18235,17248,987,5.4
"City and Borough of Juneau",04,000110,2004,June,06,0,18372,17301,1071,5.8
"City and Borough of Juneau",04,000110,2004,July,07,0,18587,17648,939,5.1
"City and Borough of Juneau",04,000110,2004,August,08,0,18035,17142,893,5.0
"City and Borough of Juneau",04,000110,2004,September,09,0,17830,16899,931,5.2
"City and Borough of Juneau",04,000110,2004,October,10,0,17607,16610,997,5.7
"City and Borough of Juneau",04,000110,2004,November,11,0,17740,16687,1053,5.9
"City and Borough of Juneau",04,000110,2004,December,12,0,17858,16792,1066,6.0
"City and Borough of Juneau",04,000110,2004,Annual,00,0,17972,16923,1049,5.8
"City and Borough of Juneau",04,000110,2005,January,01,0,17790,16655,1135,6.4
"City and Borough of Juneau",04,000110,2005,February,02,0,17957,16768,1189,6.6
"City and Borough of Juneau",04,000110,2005,March,03,0,18124,17026,1098,6.1
"City and Borough of Juneau",04,000110,2005,April,04,0,18262,17305,957,5.2
"City and Borough of Juneau",04,000110,2005,May,05,0,18826,17914,912,4.8
"City and Borough of Juneau",04,000110,2005,June,06,0,18740,17770,970,5.2
"City and Borough of Juneau",04,000110,2005,July,07,0,18979,18081,898,4.7
"City and Borough of Juneau",04,000110,2005,August,08,0,18724,17897,827,4.4
"City and Borough of Juneau",04,000110,2005,September,09,0,18338,17472,866,4.7
"City and Borough of Juneau",04,000110,2005,October,10,0,18099,17173,926,5.1
"City and Borough of Juneau",04,000110,2005,November,11,0,17963,16946,1017,5.7
"City and Borough of Juneau",04,000110,2005,December,12,0,18109,17087,1022,5.6
"City and Borough of Juneau",04,000110,2005,Annual,00,0,18326,17341,985,5.4
"City and Borough of Juneau",04,000110,2006,January,01,0,18074,17000,1074,5.9
"City and Borough of Juneau",04,000110,2006,February,02,0,18385,17271,1114,6.1
"City and Borough of Juneau",04,000110,2006,March,03,0,18166,17153,1013,5.6
"City and Borough of Juneau",04,000110,2006,April,04,0,18489,17563,926,5.0
"City and Borough of Juneau",04,000110,2006,May,05,0,18953,18102,851,4.5
"City and Borough of Juneau",04,000110,2006,June,06,0,18686,17797,889,4.8
"City and Borough of Juneau",04,000110,2006,July,07,0,19073,18238,835,4.4
"City and Borough of Juneau",04,000110,2006,August,08,0,18715,17962,753,4.0
"City and Borough of Juneau",04,000110,2006,September,09,0,18523,17728,795,4.3
"City and Borough of Juneau",04,000110,2006,October,10,0,18271,17480,791,4.3
"City and Borough of Juneau",04,000110,2006,November,11,0,18310,17452,858,4.7
"City and Borough of Juneau",04,000110,2006,December,12,0,18280,17419,861,4.7
"City and Borough of Juneau",04,000110,2006,Annual,00,0,18494,17597,897,4.9
"City and Borough of Juneau",04,000110,2007,January,01,0,18296,17315,981,5.4
"City and Borough of Juneau",04,000110,2007,February,02,0,18200,17258,942,5.2
"City and Borough of Juneau",04,000110,2007,March,03,0,18320,17444,876,4.8
"City and Borough of Juneau",04,000110,2007,April,04,0,18382,17551,831,4.5
"City and Borough of Juneau",04,000110,2007,May,05,0,18994,18242,752,4.0
"City and Borough of Juneau",04,000110,2007,June,06,0,18679,17849,830,4.4
"City and Borough of Juneau",04,000110,2007,July,07,0,18971,18232,739,3.9
"City and Borough of Juneau",04,000110,2007,August,08,0,18507,17801,706,3.8
"City and Borough of Juneau",04,000110,2007,September,09,0,18512,17741,771,4.2
"City and Borough of Juneau",04,000110,2007,October,10,0,18088,17317,771,4.3
"City and Borough of Juneau",04,000110,2007,November,11,0,18195,17376,819,4.5
"City and Borough of Juneau",04,000110,2007,December,12,0,18057,17207,850,4.7
"City and Borough of Juneau",04,000110,2007,Annual,00,0,18433,17611,822,4.5
"City and Borough of Juneau",04,000110,2008,January,01,0,18325,17398,927,5.1
"City and Borough of Juneau",04,000110,2008,February,02,0,18415,17492,923,5.0
"City and Borough of Juneau",04,000110,2008,March,03,0,18577,17676,901,4.9
"City and Borough of Juneau",04,000110,2008,April,04,0,18734,17914,820,4.4
"City and Borough of Juneau",04,000110,2008,May,05,0,19236,18399,837,4.4
"City and Borough of Juneau",04,000110,2008,June,06,0,19386,18508,878,4.5
"City and Borough of Juneau",04,000110,2008,July,07,0,19777,18993,784,4.0
"City and Borough of Juneau",04,000110,2008,August,08,0,19408,18639,769,4.0
"City and Borough of Juneau",04,000110,2008,September,09,0,18840,18063,777,4.1
"City and Borough of Juneau",04,000110,2008,October,10,0,18175,17301,874,4.8
"City and Borough of Juneau",04,000110,2008,November,11,0,18009,17068,941,5.2
"City and Borough of Juneau",04,000110,2008,December,12,0,18179,17181,998,5.5
"City and Borough of Juneau",04,000110,2008,Annual,00,0,18755,17886,869,4.6
"City and Borough of Juneau",04,000110,2009,January,01,0,18046,16886,1160,6.4
"City and Borough of Juneau",04,000110,2009,February,02,0,18148,16918,1230,6.8
"City and Borough of Juneau",04,000110,2009,March,03,0,18112,16857,1255,6.9
"City and Borough of Juneau",04,000110,2009,April,04,0,18453,17346,1107,6.0
"City and Borough of Juneau",04,000110,2009,May,05,0,18715,17629,1086,5.8
"City and Borough of Juneau",04,000110,2009,June,06,0,18759,17599,1160,6.2
"City and Borough of Juneau",04,000110,2009,July,07,0,18938,17909,1029,5.4
"City and Borough of Juneau",04,000110,2009,August,08,0,18535,17556,979,5.3
"City and Borough of Juneau",04,000110,2009,September,09,0,18404,17364,1040,5.7
"City and Borough of Juneau",04,000110,2009,October,10,0,18142,17019,1123,6.2
"City and Borough of Juneau",04,000110,2009,November,11,0,18096,16978,1118,6.2
"City and Borough of Juneau",04,000110,2009,December,12,0,18074,16972,1102,6.1
"City and Borough of Juneau",04,000110,2009,Annual,00,0,18369,17253,1116,6.1
"City and Borough of Juneau",04,000110,2010,January,01,0,17672,16391,1281,7.2
"City and Borough of Juneau",04,000110,2010,February,02,0,17704,16414,1290,7.3
"City and Borough of Juneau",04,000110,2010,March,03,0,17719,16478,1241,7.0
"City and Borough of Juneau",04,000110,2010,April,04,0,17986,16882,1104,6.1
"City and Borough of Juneau",04,000110,2010,May,05,0,18324,17272,1052,5.7
"City and Borough of Juneau",04,000110,2010,June,06,0,18030,16975,1055,5.9
"City and Borough of Juneau",04,000110,2010,July,07,0,18292,17304,988,5.4
"City and Borough of Juneau",04,000110,2010,August,08,0,18023,17063,960,5.3
"City and Borough of Juneau",04,000110,2010,September,09,0,17993,17047,946,5.3
"City and Borough of Juneau",04,000110,2010,October,10,0,17511,16495,1016,5.8
"City and Borough of Juneau",04,000110,2010,November,11,0,17610,16519,1091,6.2
"City and Borough of Juneau",04,000110,2010,December,12,0,17687,16598,1089,6.2
"City and Borough of Juneau",04,000110,2010,Annual,00,1,17880,16787,1093,6.1
"City and Borough of Juneau",04,000110,2011,January,01,0,17773,16606,1167,6.6
"City and Borough of Juneau",04,000110,2011,February,02,0,17672,16503,1169,6.6
"City and Borough of Juneau",04,000110,2011,March,03,0,17849,16712,1137,6.4
"City and Borough of Juneau",04,000110,2011,April,04,0,17794,16775,1019,5.7
"City and Borough of Juneau",04,000110,2011,May,05,0,18452,17463,989,5.4
"City and Borough of Juneau",04,000110,2011,June,06,0,18092,17067,1025,5.7
"City and Borough of Juneau",04,000110,2011,July,07,0,18020,17094,926,5.1
"City and Borough of Juneau",04,000110,2011,August,08,0,17903,17017,886,4.9
"City and Borough of Juneau",04,000110,2011,September,09,0,17837,16939,898,5.0
"City and Borough of Juneau",04,000110,2011,October,10,0,17510,16545,965,5.5
"City and Borough of Juneau",04,000110,2011,November,11,0,17500,16515,985,5.6
"City and Borough of Juneau",04,000110,2011,December,12,0,17588,16610,978,5.6
"City and Borough of Juneau",04,000110,2011,Annual,00,1,17833,16821,1012,5.7
"City and Borough of Juneau",04,000110,2012,January,01,0,17525,16481,1044,6.0
"City and Borough of Juneau",04,000110,2012,February,02,0,17559,16502,1057,6.0
"City and Borough of Juneau",04,000110,2012,March,03,0,17633,16617,1016,5.8
"City and Borough of Juneau",04,000110,2012,April,04,0,17703,16787,916,5.2
"City and Borough of Juneau",04,000110,2012,May,05,0,18258,17369,889,4.9
"City and Borough of Juneau",04,000110,2012,June,06,0,18405,17450,955,5.2
"City and Borough of Juneau",04,000110,2012,July,07,0,18528,17632,896,4.8
"City and Borough of Juneau",04,000110,2012,August,08,0,18113,17300,813,4.5
"City and Borough of Juneau",04,000110,2012,September,09,0,18050,17269,781,4.3
"City and Borough of Juneau",04,000110,2012,October,10,0,17467,16619,848,4.9
"City and Borough of Juneau",04,000110,2012,November,11,0,17374,16477,897,5.2
"City and Borough of Juneau",04,000110,2012,December,12,0,17352,16399,953,5.5
"City and Borough of Juneau",04,000110,2012,Annual,00,1,17831,16909,922,5.2
"City and Borough of Juneau",04,000110,2013,January,01,0,17315,16231,1084,6.3
"City and Borough of Juneau",04,000110,2013,February,02,0,17350,16335,1015,5.9
"City and Borough of Juneau",04,000110,2013,March,03,0,17282,16347,935,5.4
"City and Borough of Juneau",04,000110,2013,April,04,0,17350,16479,871,5.0
"City and Borough of Juneau",04,000110,2013,May,05,0,18043,17209,834,4.6
"City and Borough of Juneau",04,000110,2013,June,06,0,18177,17254,923,5.1
"City and Borough of Juneau",04,000110,2013,July,07,0,18102,17286,816,4.5
"City and Borough of Juneau",04,000110,2013,August,08,0,18074,17289,785,4.3
"City and Borough of Juneau",04,000110,2013,September,09,0,17664,16878,786,4.4
"City and Borough of Juneau",04,000110,2013,October,10,0,16936,16092,844,5.0
"City and Borough of Juneau",04,000110,2013,November,11,0,16909,16031,878,5.2
"City and Borough of Juneau",04,000110,2013,December,12,0,16846,15992,854,5.1
"City and Borough of Juneau",04,000110,2013,Annual,00,1,17504,16619,885,5.1
"City and Borough of Juneau",04,000110,2014,January,01,0,16903,15924,979,5.8
"City and Borough of Juneau",04,000110,2014,February,02,0,17013,16002,1011,5.9
"City and Borough of Juneau",04,000110,2014,March,03,0,17068,16076,992,5.8
"City and Borough of Juneau",04,000110,2014,April,04,0,17156,16304,852,5.0
"City and Borough of Juneau",04,000110,2014,May,05,0,17914,17093,821,4.6
"City and Borough of Juneau",04,000110,2014,June,06,0,17981,17092,889,4.9
"City and Borough of Juneau",04,000110,2014,July,07,0,18063,17235,828,4.6
"City and Borough of Juneau",04,000110,2014,August,08,0,18035,17240,795,4.4
"City and Borough of Juneau",04,000110,2014,September,09,0,17651,16893,758,4.3
"City and Borough of Juneau",04,000110,2014,October,10,0,17099,16316,783,4.6
"City and Borough of Juneau",04,000110,2014,November,11,0,17044,16209,835,4.9
"City and Borough of Juneau",04,000110,2014,December,12,0,17018,16197,821,4.8
"City and Borough of Juneau",04,000110,2014,Annual,00,1,17412,16548,864,5.0
"City and Borough of Juneau",04,000110,2015,January,01,0,16903,16005,898,5.3
"City and Borough of Juneau",04,000110,2015,February,02,0,16854,15972,882,5.2
"City and Borough of Juneau",04,000110,2015,March,03,0,16831,15990,841,5.0
"City and Borough of Juneau",04,000110,2015,April,04,0,17002,16225,777,4.6
"City and Borough of Juneau",04,000110,2015,May,05,0,17677,16922,755,4.3
"City and Borough of Juneau",04,000110,2015,June,06,0,17505,16690,815,4.7
"City and Borough of Juneau",04,000110,2015,July,07,0,17534,16815,719,4.1
"City and Borough of Juneau",04,000110,2015,August,08,0,17615,16948,667,3.8
"City and Borough of Juneau",04,000110,2015,September,09,0,17247,16577,670,3.9
"City and Borough of Juneau",04,000110,2015,October,10,0,16494,15760,734,4.5
"City and Borough of Juneau",04,000110,2015,November,11,0,16557,15771,786,4.7
"City and Borough of Juneau",04,000110,2015,December,12,0,16510,15726,784,4.7
"City and Borough of Juneau",04,000110,2015,Annual,00,1,17060,16283,777,4.6
"City and Borough of Juneau",04,000110,2016,January,01,0,16782,15967,815,4.9
"City and Borough of Juneau",04,000110,2016,February,02,0,16822,15987,835,5.0
"City and Borough of Juneau",04,000110,2016,March,03,0,16956,16161,795,4.7
"City and Borough of Juneau",04,000110,2016,April,04,0,17242,16509,733,4.3
"City and Borough of Juneau",04,000110,2016,May,05,0,17930,17224,706,3.9
"City and Borough of Juneau",04,000110,2016,June,06,0,17826,17076,750,4.2
"City and Borough of Juneau",04,000110,2016,July,07,0,17930,17247,683,3.8
"City and Borough of Juneau",04,000110,2016,August,08,0,18115,17478,637,3.5
"City and Borough of Juneau",04,000110,2016,September,09,0,17657,16920,737,4.2
"City and Borough of Juneau",04,000110,2016,October,10,0,17114,16389,725,4.2
"City and Borough of Juneau",04,000110,2016,November,11,0,16920,16171,749,4.4
"City and Borough of Juneau",04,000110,2016,December,12,0,16824,16057,767,4.6
"City and Borough of Juneau",04,000110,2016,Annual,00,1,17343,16599,744,4.3
"City and Borough of Juneau",04,000110,2017,January,01,0,16836,15957,879,5.2
"City and Borough of Juneau",04,000110,2017,February,02,0,16878,16030,848,5.0
"City and Borough of Juneau",04,000110,2017,March,03,0,16847,16046,801,4.8
"City and Borough of Juneau",04,000110,2017,April,04,0,17165,16443,722,4.2
"City and Borough of Juneau",04,000110,2017,May,05,0,18040,17364,676,3.7
"City and Borough of Juneau",04,000110,2017,June,06,0,17661,16920,741,4.2
"City and Borough of Juneau",04,000110,2017,July,07,0,17877,17149,728,4.1
"City and Borough of Juneau",04,000110,2017,August,08,0,17997,17316,681,3.8
"City and Borough of Juneau",04,000110,2017,September,09,0,17613,16915,698,4.0
"City and Borough of Juneau",04,000110,2017,October,10,0,17027,16347,680,4.0
"City and Borough of Juneau",04,000110,2017,November,11,0,16902,16173,729,4.3
"City and Borough of Juneau",04,000110,2017,December,12,0,16665,15909,756,4.5
"City and Borough of Juneau",04,000110,2017,Annual,00,1,17292,16547,745,4.3
"City and Borough of Juneau",04,000110,2018,January,01,0,16693,15886,807,4.8
"City and Borough of Juneau",04,000110,2018,February,02,0,16688,15914,774,4.6
"City and Borough of Juneau",04,000110,2018,March,03,0,16735,15989,746,4.5
"City and Borough of Juneau",04,000110,2018,April,04,0,16930,16231,699,4.1
"City and Borough of Juneau",04,000110,2018,May,05,0,17852,17228,624,3.5
"City and Borough of Juneau",04,000110,2018,June,06,0,17755,17058,697,3.9
"City and Borough of Juneau",04,000110,2018,July,07,0,18077,17475,602,3.3
"City and Borough of Juneau",04,000110,2018,August,08,0,17898,17311,587,3.3
"City and Borough of Juneau",04,000110,2018,September,09,0,17540,16924,616,3.5
"City and Borough of Juneau",04,000110,2018,October,10,0,17094,16416,678,4.0
"City and Borough of Juneau",04,000110,2018,November,11,0,16751,16039,712,4.3
"City and Borough of Juneau",04,000110,2018,December,12,0,16465,15662,803,4.9
"City and Borough of Juneau",04,000110,2018,Annual,00,1,17206,16511,695,4.0
"City and Borough of Juneau",04,000110,2019,January,01,0,16559,15661,898,5.4
"City and Borough of Juneau",04,000110,2019,February,02,0,16692,15837,855,5.1
"City and Borough of Juneau",04,000110,2019,March,03,0,16747,15914,833,5.0
"City and Borough of Juneau",04,000110,2019,April,04,0,16827,16137,690,4.1
"City and Borough of Juneau",04,000110,2019,May,05,0,17896,17209,687,3.8
"City and Borough of Juneau",04,000110,2019,June,06,0,17818,17128,690,3.9
"City and Borough of Juneau",04,000110,2019,July,07,0,17981,17328,653,3.6
"City and Borough of Juneau",04,000110,2019,August,08,0,17928,17314,614,3.4
"City and Borough of Juneau",04,000110,2019,September,09,0,17620,17028,592,3.4
"City and Borough of Juneau",04,000110,2019,October,10,0,17125,16517,608,3.6
"City and Borough of Juneau",04,000110,2019,November,11,0,16620,15968,652,3.9
"City and Borough of Juneau",04,000110,2019,December,12,0,16578,15936,642,3.9
"City and Borough of Juneau",04,000110,2019,Annual,00,1,17199,16498,701,4.1
"City and Borough of Juneau",04,000110,2020,January,01,0,16441,15721,720,4.4
"City and Borough of Juneau",04,000110,2020,February,02,0,16508,15858,650,3.9
"City and Borough of Juneau",04,000110,2020,March,03,0,16500,15673,827,5.0
"City and Borough of Juneau",04,000110,2020,April,04,0,15674,14155,1519,9.7
"City and Borough of Juneau",04,000110,2020,May,05,0,15997,14272,1725,10.8
"City and Borough of Juneau",04,000110,2020,June,06,0,16164,14395,1769,10.9
"City and Borough of Juneau",04,000110,2020,July,07,0,16586,14900,1686,10.2
"City and Borough of Juneau",04,000110,2020,August,08,0,16410,15333,1077,6.6
"City and Borough of Juneau",04,000110,2020,September,09,0,16188,15133,1055,6.5
"City and Borough of Juneau",04,000110,2020,October,10,0,16296,15356,940,5.8
"City and Borough of Juneau",04,000110,2020,November,11,0,16308,15375,933,5.7
"City and Borough of Juneau",04,000110,2020,December,12,0,16374,15500,874,5.3
"City and Borough of Juneau",04,000110,2020,Annual,00,1,16287,15139,1148,7.0
"City and Borough of Juneau",04,000110,2021,January,01,0,16491,15520,971,5.9
"City and Borough of Juneau",04,000110,2021,February,02,0,16357,15329,1028,6.3
"City and Borough of Juneau",04,000110,2021,March,03,0,16462,15472,990,6.0
"City and Borough of Juneau",04,000110,2021,April,04,0,16572,15615,957,5.8
"City and Borough of Juneau",04,000110,2021,May,05,0,16615,15736,879,5.3
"City and Borough of Juneau",04,000110,2021,June,06,0,16640,15760,880,5.3
"City and Borough of Juneau",04,000110,2021,July,07,0,16886,16152,734,4.3
"City and Borough of Juneau",04,000110,2021,August,08,0,17111,16479,632,3.7
"City and Borough of Juneau",04,000110,2021,September,09,0,16835,16214,621,3.7
"City and Borough of Juneau",04,000110,2021,October,10,0,17035,16395,640,3.8
"City and Borough of Juneau",04,000110,2021,November,11,0,16841,16205,636,3.8
"City and Borough of Juneau",04,000110,2021,December,12,0,16842,16241,601,3.6
"City and Borough of Juneau",04,000110,2021,Annual,00,1,16724,15927,797,4.8
"City and Borough of Juneau",04,000110,2022,January,01,0,16888,16155,733,4.3
"City and Borough of Juneau",04,000110,2022,February,02,0,16892,16219,673,4.0
"City and Borough of Juneau",04,000110,2022,March,03,0,16870,16300,570,3.4
"City and Borough of Juneau",04,000110,2022,April,04,0,17093,16595,498,2.9
"City and Borough of Juneau",04,000110,2022,May,05,0,17889,17401,488,2.7
"City and Borough of Juneau",04,000110,2022,June,06,0,17622,17078,544,3.1
"City and Borough of Juneau",04,000110,2022,July,07,0,17736,17307,429,2.4
"City and Borough of Juneau",04,000110,2022,August,08,0,17853,17476,377,2.1
"City and Borough of Juneau",04,000110,2022,September,09,0,17483,17111,372,2.1
"City and Borough of Juneau",04,000110,2022,October,10,0,17336,16921,415,2.4
"City and Borough of Juneau",04,000110,2022,November,11,0,16820,16359,461,2.7
"City and Borough of Juneau",04,000110,2022,December,12,0,16717,16254,463,2.8
"City and Borough of Juneau",04,000110,2022,Annual,00,1,17267,16765,502,2.9
"City and Borough of Juneau",04,000110,2023,January,01,0,16733,16170,563,3.4
"City and Borough of Juneau",04,000110,2023,February,02,0,16875,16331,544,3.2
"City and Borough of Juneau",04,000110,2023,March,03,0,16954,16475,479,2.8
"City and Borough of Juneau",04,000110,2023,April,04,0,17584,17136,448,2.5
"City and Borough of Juneau",04,000110,2023,May,05,0,18195,17704,491,2.7
"City and Borough of Juneau",04,000110,2023,June,06,0,17823,17264,559,3.1
"City and Borough of Juneau",04,000110,2023,July,07,0,18053,17564,489,2.7
"City and Borough of Juneau",04,000110,2023,August,08,0,17958,17476,482,2.7
"City and Borough of Juneau",04,000110,2023,September,09,0,17710,17186,524,3.0
"City and Borough of Juneau",04,000110,2023,October,10,0,17675,17145,530,3.0
"City and Borough of Juneau",04,000110,2023,November,11,0,17266,16705,561,3.2
"City and Borough of Juneau",04,000110,2023,December,12,0,16826,16219,607,3.6
"City and Borough of Juneau",04,000110,2023,Annual,00,1,17471,16948,523,3.0
"City and Borough of Juneau",04,000110,2024,January,01,0,16693,16037,656,3.9
"City and Borough of Juneau",04,000110,2024,February,02,0,16630,15937,693,4.2
"City and Borough of Juneau",04,000110,2024,March,03,0,16744,16195,549,3.3
"City and Borough of Juneau",04,000110,2024,April,04,0,17043,16497,546,3.2
"City and Borough of Juneau",04,000110,2024,May,05,0,17848,17321,527,3.0
"City and Borough of Juneau",04,000110,2024,June,06,0,17272,16649,623,3.6
"City and Borough of Juneau",04,000110,2024,July,07,0,17542,17018,524,3.0
"City and Borough of Juneau",04,000110,2024,August,08,0,17633,17148,485,2.8
"City and Borough of Juneau",04,000110,2024,September,09,0,17343,16837,506,2.9
"City and Borough of Juneau",04,000110,2024,October,10,0,17025,16470,555,3.3
"City and Borough of Juneau",04,000110,2024,November,11,0,16704,16072,632,3.8
"City and Borough of Juneau",04,000110,2024,December,12,1,16353,15757,596,3.6
"City and Borough of Juneau",04,000110,2023,Annual,00,1,17471,16948,523,3.0
