"Ketchikan Gateway Borough NOT SEASONALLY adjusted",
"Area Name","Area Type","Area Code",Year,month,period,"Preliminary if value is 1","Labor Force",Employment,Unemployment,"Unemployment Rate"
"Ketchikan Gateway Borough",04,000130,1990,January,01,0,7202,6407,795,11.0
"Ketchikan Gateway Borough",04,000130,1990,February,02,0,7310,6384,926,12.7
"Ketchikan Gateway Borough",04,000130,1990,March,03,0,7254,6557,697,9.6
"Ketchikan Gateway Borough",04,000130,1990,April,04,0,7362,6770,592,8.0
"Ketchikan Gateway Borough",04,000130,1990,May,05,0,7497,6973,524,7.0
"Ketchikan Gateway Borough",04,000130,1990,June,06,0,7599,7153,446,5.9
"Ketchikan Gateway Borough",04,000130,1990,July,07,0,7899,7490,409,5.2
"Ketchikan Gateway Borough",04,000130,1990,August,08,0,7914,7548,366,4.6
"Ketchikan Gateway Borough",04,000130,1990,September,09,0,7760,7345,415,5.3
"Ketchikan Gateway Borough",04,000130,1990,October,10,0,7390,6853,537,7.3
"Ketchikan Gateway Borough",04,000130,1990,November,11,0,7368,6721,647,8.8
"Ketchikan Gateway Borough",04,000130,1990,December,12,0,7315,6525,790,10.8
"Ketchikan Gateway Borough",04,000130,1990,Annual,00,0,7489,6894,595,7.9
"Ketchikan Gateway Borough",04,000130,1991,January,01,0,7227,6224,1003,13.9
"Ketchikan Gateway Borough",04,000130,1991,February,02,0,7215,6259,956,13.3
"Ketchikan Gateway Borough",04,000130,1991,March,03,0,7202,6402,800,11.1
"Ketchikan Gateway Borough",04,000130,1991,April,04,0,7376,6663,713,9.7
"Ketchikan Gateway Borough",04,000130,1991,May,05,0,7550,6909,641,8.5
"Ketchikan Gateway Borough",04,000130,1991,June,06,0,7671,6992,679,8.9
"Ketchikan Gateway Borough",04,000130,1991,July,07,0,7954,7362,592,7.4
"Ketchikan Gateway Borough",04,000130,1991,August,08,0,7885,7451,434,5.5
"Ketchikan Gateway Borough",04,000130,1991,September,09,0,7737,7299,438,5.7
"Ketchikan Gateway Borough",04,000130,1991,October,10,0,7284,6778,506,6.9
"Ketchikan Gateway Borough",04,000130,1991,November,11,0,7251,6588,663,9.1
"Ketchikan Gateway Borough",04,000130,1991,December,12,0,7317,6486,831,11.4
"Ketchikan Gateway Borough",04,000130,1991,Annual,00,0,7472,6784,688,9.2
"Ketchikan Gateway Borough",04,000130,1992,January,01,0,7361,6231,1130,15.4
"Ketchikan Gateway Borough",04,000130,1992,February,02,0,7313,6229,1084,14.8
"Ketchikan Gateway Borough",04,000130,1992,March,03,0,7313,6419,894,12.2
"Ketchikan Gateway Borough",04,000130,1992,April,04,0,7359,6664,695,9.4
"Ketchikan Gateway Borough",04,000130,1992,May,05,0,7658,6988,670,8.7
"Ketchikan Gateway Borough",04,000130,1992,June,06,0,7779,7131,648,8.3
"Ketchikan Gateway Borough",04,000130,1992,July,07,0,8057,7555,502,6.2
"Ketchikan Gateway Borough",04,000130,1992,August,08,0,8065,7652,413,5.1
"Ketchikan Gateway Borough",04,000130,1992,September,09,0,7911,7474,437,5.5
"Ketchikan Gateway Borough",04,000130,1992,October,10,0,7669,7092,577,7.5
"Ketchikan Gateway Borough",04,000130,1992,November,11,0,7607,6924,683,9.0
"Ketchikan Gateway Borough",04,000130,1992,December,12,0,7496,6819,677,9.0
"Ketchikan Gateway Borough",04,000130,1992,Annual,00,0,7633,6932,701,9.2
"Ketchikan Gateway Borough",04,000130,1993,January,01,0,7398,6354,1044,14.1
"Ketchikan Gateway Borough",04,000130,1993,February,02,0,7406,6402,1004,13.6
"Ketchikan Gateway Borough",04,000130,1993,March,03,0,7472,6637,835,11.2
"Ketchikan Gateway Borough",04,000130,1993,April,04,0,7482,6803,679,9.1
"Ketchikan Gateway Borough",04,000130,1993,May,05,0,7993,7040,953,11.9
"Ketchikan Gateway Borough",04,000130,1993,June,06,0,7864,7269,595,7.6
"Ketchikan Gateway Borough",04,000130,1993,July,07,0,8067,7607,460,5.7
"Ketchikan Gateway Borough",04,000130,1993,August,08,0,8019,7623,396,4.9
"Ketchikan Gateway Borough",04,000130,1993,September,09,0,7837,7490,347,4.4
"Ketchikan Gateway Borough",04,000130,1993,October,10,0,7597,7114,483,6.4
"Ketchikan Gateway Borough",04,000130,1993,November,11,0,7364,6771,593,8.1
"Ketchikan Gateway Borough",04,000130,1993,December,12,0,7262,6615,647,8.9
"Ketchikan Gateway Borough",04,000130,1993,Annual,00,0,7647,6977,670,8.8
"Ketchikan Gateway Borough",04,000130,1994,January,01,0,7300,6436,864,11.8
"Ketchikan Gateway Borough",04,000130,1994,February,02,0,7297,6426,871,11.9
"Ketchikan Gateway Borough",04,000130,1994,March,03,0,7365,6517,848,11.5
"Ketchikan Gateway Borough",04,000130,1994,April,04,0,7458,6805,653,8.8
"Ketchikan Gateway Borough",04,000130,1994,May,05,0,7860,7245,615,7.8
"Ketchikan Gateway Borough",04,000130,1994,June,06,0,8022,7434,588,7.3
"Ketchikan Gateway Borough",04,000130,1994,July,07,0,8169,7643,526,6.4
"Ketchikan Gateway Borough",04,000130,1994,August,08,0,8202,7771,431,5.3
"Ketchikan Gateway Borough",04,000130,1994,September,09,0,7868,7470,398,5.1
"Ketchikan Gateway Borough",04,000130,1994,October,10,0,7562,7071,491,6.5
"Ketchikan Gateway Borough",04,000130,1994,November,11,0,7417,6900,517,7.0
"Ketchikan Gateway Borough",04,000130,1994,December,12,0,7423,6719,704,9.5
"Ketchikan Gateway Borough",04,000130,1994,Annual,00,0,7662,7036,626,8.2
"Ketchikan Gateway Borough",04,000130,1995,January,01,0,7348,6510,838,11.4
"Ketchikan Gateway Borough",04,000130,1995,February,02,0,7333,6500,833,11.4
"Ketchikan Gateway Borough",04,000130,1995,March,03,0,7368,6644,724,9.8
"Ketchikan Gateway Borough",04,000130,1995,April,04,0,7659,7059,600,7.8
"Ketchikan Gateway Borough",04,000130,1995,May,05,0,7824,7347,477,6.1
"Ketchikan Gateway Borough",04,000130,1995,June,06,0,7849,7378,471,6.0
"Ketchikan Gateway Borough",04,000130,1995,July,07,0,8247,7831,416,5.0
"Ketchikan Gateway Borough",04,000130,1995,August,08,0,8254,7882,372,4.5
"Ketchikan Gateway Borough",04,000130,1995,September,09,0,8062,7602,460,5.7
"Ketchikan Gateway Borough",04,000130,1995,October,10,0,7731,7162,569,7.4
"Ketchikan Gateway Borough",04,000130,1995,November,11,0,7599,7001,598,7.9
"Ketchikan Gateway Borough",04,000130,1995,December,12,0,7553,6849,704,9.3
"Ketchikan Gateway Borough",04,000130,1995,Annual,00,0,7736,7147,589,7.6
"Ketchikan Gateway Borough",04,000130,1996,January,01,0,7561,6638,923,12.2
"Ketchikan Gateway Borough",04,000130,1996,February,02,0,7570,6684,886,11.7
"Ketchikan Gateway Borough",04,000130,1996,March,03,0,7617,6806,811,10.6
"Ketchikan Gateway Borough",04,000130,1996,April,04,0,7798,7117,681,8.7
"Ketchikan Gateway Borough",04,000130,1996,May,05,0,7973,7385,588,7.4
"Ketchikan Gateway Borough",04,000130,1996,June,06,0,8034,7507,527,6.6
"Ketchikan Gateway Borough",04,000130,1996,July,07,0,8550,7970,580,6.8
"Ketchikan Gateway Borough",04,000130,1996,August,08,0,8386,7995,391,4.7
"Ketchikan Gateway Borough",04,000130,1996,September,09,0,8127,7670,457,5.6
"Ketchikan Gateway Borough",04,000130,1996,October,10,0,7825,7244,581,7.4
"Ketchikan Gateway Borough",04,000130,1996,November,11,0,7664,6966,698,9.1
"Ketchikan Gateway Borough",04,000130,1996,December,12,0,7606,6910,696,9.2
"Ketchikan Gateway Borough",04,000130,1996,Annual,00,0,7893,7241,652,8.3
"Ketchikan Gateway Borough",04,000130,1997,January,01,0,7238,6411,827,11.4
"Ketchikan Gateway Borough",04,000130,1997,February,02,0,7268,6468,800,11.0
"Ketchikan Gateway Borough",04,000130,1997,March,03,0,7326,6634,692,9.4
"Ketchikan Gateway Borough",04,000130,1997,April,04,0,7389,6751,638,8.6
"Ketchikan Gateway Borough",04,000130,1997,May,05,0,7750,7122,628,8.1
"Ketchikan Gateway Borough",04,000130,1997,June,06,0,7880,7218,662,8.4
"Ketchikan Gateway Borough",04,000130,1997,July,07,0,8185,7578,607,7.4
"Ketchikan Gateway Borough",04,000130,1997,August,08,0,8168,7635,533,6.5
"Ketchikan Gateway Borough",04,000130,1997,September,09,0,7936,7376,560,7.1
"Ketchikan Gateway Borough",04,000130,1997,October,10,0,7389,6845,544,7.4
"Ketchikan Gateway Borough",04,000130,1997,November,11,0,7229,6727,502,6.9
"Ketchikan Gateway Borough",04,000130,1997,December,12,0,7209,6608,601,8.3
"Ketchikan Gateway Borough",04,000130,1997,Annual,00,0,7581,6948,633,8.3
"Ketchikan Gateway Borough",04,000130,1998,January,01,0,7263,6483,780,10.7
"Ketchikan Gateway Borough",04,000130,1998,February,02,0,7257,6473,784,10.8
"Ketchikan Gateway Borough",04,000130,1998,March,03,0,7364,6663,701,9.5
"Ketchikan Gateway Borough",04,000130,1998,April,04,0,7365,6792,573,7.8
"Ketchikan Gateway Borough",04,000130,1998,May,05,0,7668,7122,546,7.1
"Ketchikan Gateway Borough",04,000130,1998,June,06,0,7787,7234,553,7.1
"Ketchikan Gateway Borough",04,000130,1998,July,07,0,8042,7575,467,5.8
"Ketchikan Gateway Borough",04,000130,1998,August,08,0,8074,7673,401,5.0
"Ketchikan Gateway Borough",04,000130,1998,September,09,0,7757,7342,415,5.4
"Ketchikan Gateway Borough",04,000130,1998,October,10,0,7518,6955,563,7.5
"Ketchikan Gateway Borough",04,000130,1998,November,11,0,7403,6854,549,7.4
"Ketchikan Gateway Borough",04,000130,1998,December,12,0,7268,6676,592,8.1
"Ketchikan Gateway Borough",04,000130,1998,Annual,00,0,7564,6987,577,7.6
"Ketchikan Gateway Borough",04,000130,1999,January,01,0,7191,6435,756,10.5
"Ketchikan Gateway Borough",04,000130,1999,February,02,0,7309,6509,800,10.9
"Ketchikan Gateway Borough",04,000130,1999,March,03,0,7327,6578,749,10.2
"Ketchikan Gateway Borough",04,000130,1999,April,04,0,7411,6797,614,8.3
"Ketchikan Gateway Borough",04,000130,1999,May,05,0,7696,7207,489,6.4
"Ketchikan Gateway Borough",04,000130,1999,June,06,0,7870,7396,474,6.0
"Ketchikan Gateway Borough",04,000130,1999,July,07,0,8238,7808,430,5.2
"Ketchikan Gateway Borough",04,000130,1999,August,08,0,8071,7718,353,4.4
"Ketchikan Gateway Borough",04,000130,1999,September,09,0,7977,7570,407,5.1
"Ketchikan Gateway Borough",04,000130,1999,October,10,0,7495,7049,446,6.0
"Ketchikan Gateway Borough",04,000130,1999,November,11,0,7388,6887,501,6.8
"Ketchikan Gateway Borough",04,000130,1999,December,12,0,7305,6800,505,6.9
"Ketchikan Gateway Borough",04,000130,1999,Annual,00,0,7607,7063,544,7.2
"Ketchikan Gateway Borough",04,000130,2000,January,01,0,7534,6867,667,8.9
"Ketchikan Gateway Borough",04,000130,2000,February,02,0,7604,6921,683,9.0
"Ketchikan Gateway Borough",04,000130,2000,March,03,0,7684,7055,629,8.2
"Ketchikan Gateway Borough",04,000130,2000,April,04,0,7850,7296,554,7.1
"Ketchikan Gateway Borough",04,000130,2000,May,05,0,8418,7925,493,5.9
"Ketchikan Gateway Borough",04,000130,2000,June,06,0,8954,8460,494,5.5
"Ketchikan Gateway Borough",04,000130,2000,July,07,0,9935,9536,399,4.0
"Ketchikan Gateway Borough",04,000130,2000,August,08,0,9540,9135,405,4.2
"Ketchikan Gateway Borough",04,000130,2000,September,09,0,8634,8227,407,4.7
"Ketchikan Gateway Borough",04,000130,2000,October,10,0,7954,7503,451,5.7
"Ketchikan Gateway Borough",04,000130,2000,November,11,0,7802,7293,509,6.5
"Ketchikan Gateway Borough",04,000130,2000,December,12,0,7675,7162,513,6.7
"Ketchikan Gateway Borough",04,000130,2000,Annual,00,0,8299,7782,517,6.2
"Ketchikan Gateway Borough",04,000130,2001,January,01,0,7481,6837,644,8.6
"Ketchikan Gateway Borough",04,000130,2001,February,02,0,7519,6915,604,8.0
"Ketchikan Gateway Borough",04,000130,2001,March,03,0,7679,7069,610,7.9
"Ketchikan Gateway Borough",04,000130,2001,April,04,0,7821,7282,539,6.9
"Ketchikan Gateway Borough",04,000130,2001,May,05,0,8271,7786,485,5.9
"Ketchikan Gateway Borough",04,000130,2001,June,06,0,8657,8166,491,5.7
"Ketchikan Gateway Borough",04,000130,2001,July,07,0,9826,9408,418,4.3
"Ketchikan Gateway Borough",04,000130,2001,August,08,0,9307,8882,425,4.6
"Ketchikan Gateway Borough",04,000130,2001,September,09,0,8477,8046,431,5.1
"Ketchikan Gateway Borough",04,000130,2001,October,10,0,7879,7338,541,6.9
"Ketchikan Gateway Borough",04,000130,2001,November,11,0,7550,6932,618,8.2
"Ketchikan Gateway Borough",04,000130,2001,December,12,0,7220,6546,674,9.3
"Ketchikan Gateway Borough",04,000130,2001,Annual,00,0,8141,7601,540,6.6
"Ketchikan Gateway Borough",04,000130,2002,January,01,0,7103,6343,760,10.7
"Ketchikan Gateway Borough",04,000130,2002,February,02,0,7054,6251,803,11.4
"Ketchikan Gateway Borough",04,000130,2002,March,03,0,7037,6234,803,11.4
"Ketchikan Gateway Borough",04,000130,2002,April,04,0,7312,6586,726,9.9
"Ketchikan Gateway Borough",04,000130,2002,May,05,0,7790,7186,604,7.8
"Ketchikan Gateway Borough",04,000130,2002,June,06,0,8378,7764,614,7.3
"Ketchikan Gateway Borough",04,000130,2002,July,07,0,9338,8798,540,5.8
"Ketchikan Gateway Borough",04,000130,2002,August,08,0,8976,8443,533,5.9
"Ketchikan Gateway Borough",04,000130,2002,September,09,0,8292,7763,529,6.4
"Ketchikan Gateway Borough",04,000130,2002,October,10,0,7638,7076,562,7.4
"Ketchikan Gateway Borough",04,000130,2002,November,11,0,7369,6733,636,8.6
"Ketchikan Gateway Borough",04,000130,2002,December,12,0,7105,6456,649,9.1
"Ketchikan Gateway Borough",04,000130,2002,Annual,00,0,7783,7136,647,8.3
"Ketchikan Gateway Borough",04,000130,2003,January,01,0,7208,6431,777,10.8
"Ketchikan Gateway Borough",04,000130,2003,February,02,0,7127,6372,755,10.6
"Ketchikan Gateway Borough",04,000130,2003,March,03,0,7031,6317,714,10.2
"Ketchikan Gateway Borough",04,000130,2003,April,04,0,7461,6769,692,9.3
"Ketchikan Gateway Borough",04,000130,2003,May,05,0,7941,7343,598,7.5
"Ketchikan Gateway Borough",04,000130,2003,June,06,0,8207,7568,639,7.8
"Ketchikan Gateway Borough",04,000130,2003,July,07,0,9448,8912,536,5.7
"Ketchikan Gateway Borough",04,000130,2003,August,08,0,8839,8353,486,5.5
"Ketchikan Gateway Borough",04,000130,2003,September,09,0,8216,7735,481,5.9
"Ketchikan Gateway Borough",04,000130,2003,October,10,0,7635,7067,568,7.4
"Ketchikan Gateway Borough",04,000130,2003,November,11,0,7324,6708,616,8.4
"Ketchikan Gateway Borough",04,000130,2003,December,12,0,7237,6629,608,8.4
"Ketchikan Gateway Borough",04,000130,2003,Annual,00,0,7807,7184,623,8.0
"Ketchikan Gateway Borough",04,000130,2004,January,01,0,7188,6434,754,10.5
"Ketchikan Gateway Borough",04,000130,2004,February,02,0,7113,6373,740,10.4
"Ketchikan Gateway Borough",04,000130,2004,March,03,0,7215,6508,707,9.8
"Ketchikan Gateway Borough",04,000130,2004,April,04,0,7471,6854,617,8.3
"Ketchikan Gateway Borough",04,000130,2004,May,05,0,8004,7457,547,6.8
"Ketchikan Gateway Borough",04,000130,2004,June,06,0,8445,7877,568,6.7
"Ketchikan Gateway Borough",04,000130,2004,July,07,0,9219,8752,467,5.1
"Ketchikan Gateway Borough",04,000130,2004,August,08,0,9228,8785,443,4.8
"Ketchikan Gateway Borough",04,000130,2004,September,09,0,8499,8045,454,5.3
"Ketchikan Gateway Borough",04,000130,2004,October,10,0,7681,7132,549,7.1
"Ketchikan Gateway Borough",04,000130,2004,November,11,0,7372,6769,603,8.2
"Ketchikan Gateway Borough",04,000130,2004,December,12,0,7281,6650,631,8.7
"Ketchikan Gateway Borough",04,000130,2004,Annual,00,0,7893,7303,590,7.5
"Ketchikan Gateway Borough",04,000130,2005,January,01,0,7152,6459,693,9.7
"Ketchikan Gateway Borough",04,000130,2005,February,02,0,7175,6471,704,9.8
"Ketchikan Gateway Borough",04,000130,2005,March,03,0,7265,6639,626,8.6
"Ketchikan Gateway Borough",04,000130,2005,April,04,0,7538,6977,561,7.4
"Ketchikan Gateway Borough",04,000130,2005,May,05,0,8061,7568,493,6.1
"Ketchikan Gateway Borough",04,000130,2005,June,06,0,8685,8190,495,5.7
"Ketchikan Gateway Borough",04,000130,2005,July,07,0,9189,8760,429,4.7
"Ketchikan Gateway Borough",04,000130,2005,August,08,0,9169,8768,401,4.4
"Ketchikan Gateway Borough",04,000130,2005,September,09,0,8570,8146,424,4.9
"Ketchikan Gateway Borough",04,000130,2005,October,10,0,7729,7204,525,6.8
"Ketchikan Gateway Borough",04,000130,2005,November,11,0,7460,6910,550,7.4
"Ketchikan Gateway Borough",04,000130,2005,December,12,0,7479,6908,571,7.6
"Ketchikan Gateway Borough",04,000130,2005,Annual,00,0,7956,7417,539,6.8
"Ketchikan Gateway Borough",04,000130,2006,January,01,0,7392,6769,623,8.4
"Ketchikan Gateway Borough",04,000130,2006,February,02,0,7347,6720,627,8.5
"Ketchikan Gateway Borough",04,000130,2006,March,03,0,7441,6861,580,7.8
"Ketchikan Gateway Borough",04,000130,2006,April,04,0,7653,7127,526,6.9
"Ketchikan Gateway Borough",04,000130,2006,May,05,0,8227,7782,445,5.4
"Ketchikan Gateway Borough",04,000130,2006,June,06,0,8582,8124,458,5.3
"Ketchikan Gateway Borough",04,000130,2006,July,07,0,9379,8963,416,4.4
"Ketchikan Gateway Borough",04,000130,2006,August,08,0,9154,8748,406,4.4
"Ketchikan Gateway Borough",04,000130,2006,September,09,0,8756,8350,406,4.6
"Ketchikan Gateway Borough",04,000130,2006,October,10,0,7801,7348,453,5.8
"Ketchikan Gateway Borough",04,000130,2006,November,11,0,7654,7162,492,6.4
"Ketchikan Gateway Borough",04,000130,2006,December,12,0,7544,7027,517,6.9
"Ketchikan Gateway Borough",04,000130,2006,Annual,00,0,8078,7582,496,6.1
"Ketchikan Gateway Borough",04,000130,2007,January,01,0,7461,6875,586,7.9
"Ketchikan Gateway Borough",04,000130,2007,February,02,0,7405,6822,583,7.9
"Ketchikan Gateway Borough",04,000130,2007,March,03,0,7526,6978,548,7.3
"Ketchikan Gateway Borough",04,000130,2007,April,04,0,7751,7248,503,6.5
"Ketchikan Gateway Borough",04,000130,2007,May,05,0,8380,7946,434,5.2
"Ketchikan Gateway Borough",04,000130,2007,June,06,0,8766,8340,426,4.9
"Ketchikan Gateway Borough",04,000130,2007,July,07,0,9542,9166,376,3.9
"Ketchikan Gateway Borough",04,000130,2007,August,08,0,9448,9097,351,3.7
"Ketchikan Gateway Borough",04,000130,2007,September,09,0,8866,8500,366,4.1
"Ketchikan Gateway Borough",04,000130,2007,October,10,0,7976,7564,412,5.2
"Ketchikan Gateway Borough",04,000130,2007,November,11,0,7697,7245,452,5.9
"Ketchikan Gateway Borough",04,000130,2007,December,12,0,7683,7210,473,6.2
"Ketchikan Gateway Borough",04,000130,2007,Annual,00,0,8208,7749,459,5.6
"Ketchikan Gateway Borough",04,000130,2008,January,01,0,7453,6904,549,7.4
"Ketchikan Gateway Borough",04,000130,2008,February,02,0,7498,6914,584,7.8
"Ketchikan Gateway Borough",04,000130,2008,March,03,0,7663,7126,537,7.0
"Ketchikan Gateway Borough",04,000130,2008,April,04,0,7871,7386,485,6.2
"Ketchikan Gateway Borough",04,000130,2008,May,05,0,8530,8092,438,5.1
"Ketchikan Gateway Borough",04,000130,2008,June,06,0,9056,8607,449,5.0
"Ketchikan Gateway Borough",04,000130,2008,July,07,0,9756,9354,402,4.1
"Ketchikan Gateway Borough",04,000130,2008,August,08,0,9532,9144,388,4.1
"Ketchikan Gateway Borough",04,000130,2008,September,09,0,8840,8454,386,4.4
"Ketchikan Gateway Borough",04,000130,2008,October,10,0,7948,7500,448,5.6
"Ketchikan Gateway Borough",04,000130,2008,November,11,0,7589,7101,488,6.4
"Ketchikan Gateway Borough",04,000130,2008,December,12,0,7627,7097,530,6.9
"Ketchikan Gateway Borough",04,000130,2008,Annual,00,0,8281,7807,474,5.7
"Ketchikan Gateway Borough",04,000130,2009,January,01,0,7384,6697,687,9.3
"Ketchikan Gateway Borough",04,000130,2009,February,02,0,7426,6683,743,10.0
"Ketchikan Gateway Borough",04,000130,2009,March,03,0,7508,6786,722,9.6
"Ketchikan Gateway Borough",04,000130,2009,April,04,0,7946,7323,623,7.8
"Ketchikan Gateway Borough",04,000130,2009,May,05,0,8627,8052,575,6.7
"Ketchikan Gateway Borough",04,000130,2009,June,06,0,9155,8585,570,6.2
"Ketchikan Gateway Borough",04,000130,2009,July,07,0,9911,9401,510,5.1
"Ketchikan Gateway Borough",04,000130,2009,August,08,0,9862,9378,484,4.9
"Ketchikan Gateway Borough",04,000130,2009,September,09,0,8892,8387,505,5.7
"Ketchikan Gateway Borough",04,000130,2009,October,10,0,7971,7385,586,7.4
"Ketchikan Gateway Borough",04,000130,2009,November,11,0,7651,7023,628,8.2
"Ketchikan Gateway Borough",04,000130,2009,December,12,0,7554,6860,694,9.2
"Ketchikan Gateway Borough",04,000130,2009,Annual,00,0,8324,7713,611,7.3
"Ketchikan Gateway Borough",04,000130,2010,January,01,0,6549,5763,786,12.0
"Ketchikan Gateway Borough",04,000130,2010,February,02,0,6523,5740,783,12.0
"Ketchikan Gateway Borough",04,000130,2010,March,03,0,6598,5826,772,11.7
"Ketchikan Gateway Borough",04,000130,2010,April,04,0,6834,6148,686,10.0
"Ketchikan Gateway Borough",04,000130,2010,May,05,0,7311,6705,606,8.3
"Ketchikan Gateway Borough",04,000130,2010,June,06,0,7628,7028,600,7.9
"Ketchikan Gateway Borough",04,000130,2010,July,07,0,8129,7588,541,6.7
"Ketchikan Gateway Borough",04,000130,2010,August,08,0,8067,7553,514,6.4
"Ketchikan Gateway Borough",04,000130,2010,September,09,0,7526,7009,517,6.9
"Ketchikan Gateway Borough",04,000130,2010,October,10,0,6895,6311,584,8.5
"Ketchikan Gateway Borough",04,000130,2010,November,11,0,6701,6051,650,9.7
"Ketchikan Gateway Borough",04,000130,2010,December,12,0,6694,5996,698,10.4
"Ketchikan Gateway Borough",04,000130,2010,Annual,00,1,7122,6477,645,9.1
"Ketchikan Gateway Borough",04,000130,2011,January,01,0,6558,5780,778,11.9
"Ketchikan Gateway Borough",04,000130,2011,February,02,0,6507,5762,745,11.4
"Ketchikan Gateway Borough",04,000130,2011,March,03,0,6628,5909,719,10.8
"Ketchikan Gateway Borough",04,000130,2011,April,04,0,6692,6063,629,9.4
"Ketchikan Gateway Borough",04,000130,2011,May,05,0,7441,6829,612,8.2
"Ketchikan Gateway Borough",04,000130,2011,June,06,0,7791,7157,634,8.1
"Ketchikan Gateway Borough",04,000130,2011,July,07,0,8028,7470,558,7.0
"Ketchikan Gateway Borough",04,000130,2011,August,08,0,8194,7669,525,6.4
"Ketchikan Gateway Borough",04,000130,2011,September,09,0,7837,7318,519,6.6
"Ketchikan Gateway Borough",04,000130,2011,October,10,0,6873,6308,565,8.2
"Ketchikan Gateway Borough",04,000130,2011,November,11,0,6726,6100,626,9.3
"Ketchikan Gateway Borough",04,000130,2011,December,12,0,6582,5907,675,10.3
"Ketchikan Gateway Borough",04,000130,2011,Annual,00,1,7155,6523,632,8.8
"Ketchikan Gateway Borough",04,000130,2012,January,01,0,6486,5776,710,10.9
"Ketchikan Gateway Borough",04,000130,2012,February,02,0,6493,5767,726,11.2
"Ketchikan Gateway Borough",04,000130,2012,March,03,0,6480,5810,670,10.3
"Ketchikan Gateway Borough",04,000130,2012,April,04,0,6737,6151,586,8.7
"Ketchikan Gateway Borough",04,000130,2012,May,05,0,7314,6745,569,7.8
"Ketchikan Gateway Borough",04,000130,2012,June,06,0,7791,7205,586,7.5
"Ketchikan Gateway Borough",04,000130,2012,July,07,0,8337,7807,530,6.4
"Ketchikan Gateway Borough",04,000130,2012,August,08,0,8207,7718,489,6.0
"Ketchikan Gateway Borough",04,000130,2012,September,09,0,7565,7068,497,6.6
"Ketchikan Gateway Borough",04,000130,2012,October,10,0,6948,6418,530,7.6
"Ketchikan Gateway Borough",04,000130,2012,November,11,0,6753,6188,565,8.4
"Ketchikan Gateway Borough",04,000130,2012,December,12,0,6690,6073,617,9.2
"Ketchikan Gateway Borough",04,000130,2012,Annual,00,1,7151,6561,590,8.3
"Ketchikan Gateway Borough",04,000130,2013,January,01,0,6573,5881,692,10.5
"Ketchikan Gateway Borough",04,000130,2013,February,02,0,6523,5831,692,10.6
"Ketchikan Gateway Borough",04,000130,2013,March,03,0,6480,5844,636,9.8
"Ketchikan Gateway Borough",04,000130,2013,April,04,0,6630,6052,578,8.7
"Ketchikan Gateway Borough",04,000130,2013,May,05,0,7296,6766,530,7.3
"Ketchikan Gateway Borough",04,000130,2013,June,06,0,7759,7202,557,7.2
"Ketchikan Gateway Borough",04,000130,2013,July,07,0,8269,7779,490,5.9
"Ketchikan Gateway Borough",04,000130,2013,August,08,0,8159,7716,443,5.4
"Ketchikan Gateway Borough",04,000130,2013,September,09,0,7647,7201,446,5.8
"Ketchikan Gateway Borough",04,000130,2013,October,10,0,6828,6293,535,7.8
"Ketchikan Gateway Borough",04,000130,2013,November,11,0,6675,6118,557,8.3
"Ketchikan Gateway Borough",04,000130,2013,December,12,0,6754,6185,569,8.4
"Ketchikan Gateway Borough",04,000130,2013,Annual,00,1,7132,6572,560,7.9
"Ketchikan Gateway Borough",04,000130,2014,January,01,0,6598,5960,638,9.7
"Ketchikan Gateway Borough",04,000130,2014,February,02,0,6529,5834,695,10.6
"Ketchikan Gateway Borough",04,000130,2014,March,03,0,6567,5907,660,10.1
"Ketchikan Gateway Borough",04,000130,2014,April,04,0,6668,6111,557,8.4
"Ketchikan Gateway Borough",04,000130,2014,May,05,0,7303,6779,524,7.2
"Ketchikan Gateway Borough",04,000130,2014,June,06,0,7695,7162,533,6.9
"Ketchikan Gateway Borough",04,000130,2014,July,07,0,8095,7614,481,5.9
"Ketchikan Gateway Borough",04,000130,2014,August,08,0,7965,7496,469,5.9
"Ketchikan Gateway Borough",04,000130,2014,September,09,0,7582,7105,477,6.3
"Ketchikan Gateway Borough",04,000130,2014,October,10,0,6811,6316,495,7.3
"Ketchikan Gateway Borough",04,000130,2014,November,11,0,6567,6039,528,8.0
"Ketchikan Gateway Borough",04,000130,2014,December,12,0,6612,6098,514,7.8
"Ketchikan Gateway Borough",04,000130,2014,Annual,00,1,7083,6535,548,7.7
"Ketchikan Gateway Borough",04,000130,2015,January,01,0,6326,5781,545,8.6
"Ketchikan Gateway Borough",04,000130,2015,February,02,0,6317,5751,566,9.0
"Ketchikan Gateway Borough",04,000130,2015,March,03,0,6398,5862,536,8.4
"Ketchikan Gateway Borough",04,000130,2015,April,04,0,6584,6112,472,7.2
"Ketchikan Gateway Borough",04,000130,2015,May,05,0,7221,6791,430,6.0
"Ketchikan Gateway Borough",04,000130,2015,June,06,0,7549,7096,453,6.0
"Ketchikan Gateway Borough",04,000130,2015,July,07,0,7981,7589,392,4.9
"Ketchikan Gateway Borough",04,000130,2015,August,08,0,7801,7439,362,4.6
"Ketchikan Gateway Borough",04,000130,2015,September,09,0,7460,7090,370,5.0
"Ketchikan Gateway Borough",04,000130,2015,October,10,0,6622,6172,450,6.8
"Ketchikan Gateway Borough",04,000130,2015,November,11,0,6569,6083,486,7.4
"Ketchikan Gateway Borough",04,000130,2015,December,12,0,6503,6018,485,7.5
"Ketchikan Gateway Borough",04,000130,2015,Annual,00,1,6944,6482,462,6.7
"Ketchikan Gateway Borough",04,000130,2016,January,01,0,6456,5925,531,8.2
"Ketchikan Gateway Borough",04,000130,2016,February,02,0,6382,5829,553,8.7
"Ketchikan Gateway Borough",04,000130,2016,March,03,0,6436,5902,534,8.3
"Ketchikan Gateway Borough",04,000130,2016,April,04,0,6728,6268,460,6.8
"Ketchikan Gateway Borough",04,000130,2016,May,05,0,7381,6956,425,5.8
"Ketchikan Gateway Borough",04,000130,2016,June,06,0,7744,7331,413,5.3
"Ketchikan Gateway Borough",04,000130,2016,July,07,0,7818,7455,363,4.6
"Ketchikan Gateway Borough",04,000130,2016,August,08,0,7953,7611,342,4.3
"Ketchikan Gateway Borough",04,000130,2016,September,09,0,7521,7145,376,5.0
"Ketchikan Gateway Borough",04,000130,2016,October,10,0,6718,6319,399,5.9
"Ketchikan Gateway Borough",04,000130,2016,November,11,0,6512,6086,426,6.5
"Ketchikan Gateway Borough",04,000130,2016,December,12,0,6581,6144,437,6.6
"Ketchikan Gateway Borough",04,000130,2016,Annual,00,1,7019,6581,438,6.2
"Ketchikan Gateway Borough",04,000130,2017,January,01,0,6577,6081,496,7.5
"Ketchikan Gateway Borough",04,000130,2017,February,02,0,6543,6041,502,7.7
"Ketchikan Gateway Borough",04,000130,2017,March,03,0,6555,6087,468,7.1
"Ketchikan Gateway Borough",04,000130,2017,April,04,0,6733,6330,403,6.0
"Ketchikan Gateway Borough",04,000130,2017,May,05,0,7395,7002,393,5.3
"Ketchikan Gateway Borough",04,000130,2017,June,06,0,7771,7370,401,5.2
"Ketchikan Gateway Borough",04,000130,2017,July,07,0,8067,7713,354,4.4
"Ketchikan Gateway Borough",04,000130,2017,August,08,0,7985,7644,341,4.3
"Ketchikan Gateway Borough",04,000130,2017,September,09,0,7591,7250,341,4.5
"Ketchikan Gateway Borough",04,000130,2017,October,10,0,6821,6455,366,5.4
"Ketchikan Gateway Borough",04,000130,2017,November,11,0,6599,6187,412,6.2
"Ketchikan Gateway Borough",04,000130,2017,December,12,0,6486,6073,413,6.4
"Ketchikan Gateway Borough",04,000130,2017,Annual,00,1,7094,6686,408,5.8
"Ketchikan Gateway Borough",04,000130,2018,January,01,0,6466,5968,498,7.7
"Ketchikan Gateway Borough",04,000130,2018,February,02,0,6442,5979,463,7.2
"Ketchikan Gateway Borough",04,000130,2018,March,03,0,6505,6053,452,6.9
"Ketchikan Gateway Borough",04,000130,2018,April,04,0,6613,6215,398,6.0
"Ketchikan Gateway Borough",04,000130,2018,May,05,0,7320,6970,350,4.8
"Ketchikan Gateway Borough",04,000130,2018,June,06,0,7703,7338,365,4.7
"Ketchikan Gateway Borough",04,000130,2018,July,07,0,7983,7673,310,3.9
"Ketchikan Gateway Borough",04,000130,2018,August,08,0,7853,7541,312,4.0
"Ketchikan Gateway Borough",04,000130,2018,September,09,0,7545,7215,330,4.4
"Ketchikan Gateway Borough",04,000130,2018,October,10,0,6831,6468,363,5.3
"Ketchikan Gateway Borough",04,000130,2018,November,11,0,6536,6119,417,6.4
"Ketchikan Gateway Borough",04,000130,2018,December,12,0,6536,6113,423,6.5
"Ketchikan Gateway Borough",04,000130,2018,Annual,00,1,7028,6638,390,5.5
"Ketchikan Gateway Borough",04,000130,2019,January,01,0,6404,5892,512,8.0
"Ketchikan Gateway Borough",04,000130,2019,February,02,0,6370,5886,484,7.6
"Ketchikan Gateway Borough",04,000130,2019,March,03,0,6438,5971,467,7.3
"Ketchikan Gateway Borough",04,000130,2019,April,04,0,6538,6141,397,6.1
"Ketchikan Gateway Borough",04,000130,2019,May,05,0,7204,6828,376,5.2
"Ketchikan Gateway Borough",04,000130,2019,June,06,0,7688,7290,398,5.2
"Ketchikan Gateway Borough",04,000130,2019,July,07,0,7936,7575,361,4.5
"Ketchikan Gateway Borough",04,000130,2019,August,08,0,7711,7385,326,4.2
"Ketchikan Gateway Borough",04,000130,2019,September,09,0,7622,7297,325,4.3
"Ketchikan Gateway Borough",04,000130,2019,October,10,0,6958,6595,363,5.2
"Ketchikan Gateway Borough",04,000130,2019,November,11,0,6524,6122,402,6.2
"Ketchikan Gateway Borough",04,000130,2019,December,12,0,6454,6061,393,6.1
"Ketchikan Gateway Borough",04,000130,2019,Annual,00,1,6987,6587,400,5.7
"Ketchikan Gateway Borough",04,000130,2020,January,01,0,6246,5780,466,7.5
"Ketchikan Gateway Borough",04,000130,2020,February,02,0,6285,5832,453,7.2
"Ketchikan Gateway Borough",04,000130,2020,March,03,0,6376,5817,559,8.8
"Ketchikan Gateway Borough",04,000130,2020,April,04,0,6197,5257,940,15.2
"Ketchikan Gateway Borough",04,000130,2020,May,05,0,6494,5517,977,15.0
"Ketchikan Gateway Borough",04,000130,2020,June,06,0,6783,5861,922,13.6
"Ketchikan Gateway Borough",04,000130,2020,July,07,0,6931,6040,891,12.9
"Ketchikan Gateway Borough",04,000130,2020,August,08,0,6632,6028,604,9.1
"Ketchikan Gateway Borough",04,000130,2020,September,09,0,6479,5905,574,8.9
"Ketchikan Gateway Borough",04,000130,2020,October,10,0,6464,5954,510,7.9
"Ketchikan Gateway Borough",04,000130,2020,November,11,0,6405,5853,552,8.6
"Ketchikan Gateway Borough",04,000130,2020,December,12,0,6430,5912,518,8.1
"Ketchikan Gateway Borough",04,000130,2020,Annual,00,1,6477,5813,664,10.3
"Ketchikan Gateway Borough",04,000130,2021,January,01,0,6256,5690,566,9.0
"Ketchikan Gateway Borough",04,000130,2021,February,02,0,6220,5629,591,9.5
"Ketchikan Gateway Borough",04,000130,2021,March,03,0,6266,5654,612,9.8
"Ketchikan Gateway Borough",04,000130,2021,April,04,0,6358,5777,581,9.1
"Ketchikan Gateway Borough",04,000130,2021,May,05,0,6394,5866,528,8.3
"Ketchikan Gateway Borough",04,000130,2021,June,06,0,6598,6044,554,8.4
"Ketchikan Gateway Borough",04,000130,2021,July,07,0,7088,6613,475,6.7
"Ketchikan Gateway Borough",04,000130,2021,August,08,0,6945,6553,392,5.6
"Ketchikan Gateway Borough",04,000130,2021,September,09,0,6926,6558,368,5.3
"Ketchikan Gateway Borough",04,000130,2021,October,10,0,6693,6321,372,5.6
"Ketchikan Gateway Borough",04,000130,2021,November,11,0,6364,6011,353,5.5
"Ketchikan Gateway Borough",04,000130,2021,December,12,0,6326,5976,350,5.5
"Ketchikan Gateway Borough",04,000130,2021,Annual,00,1,6537,6058,479,7.3
"Ketchikan Gateway Borough",04,000130,2022,January,01,0,6257,5847,410,6.6
"Ketchikan Gateway Borough",04,000130,2022,February,02,0,6296,5928,368,5.8
"Ketchikan Gateway Borough",04,000130,2022,March,03,0,6245,5927,318,5.1
"Ketchikan Gateway Borough",04,000130,2022,April,04,0,6406,6127,279,4.4
"Ketchikan Gateway Borough",04,000130,2022,May,05,0,6976,6728,248,3.6
"Ketchikan Gateway Borough",04,000130,2022,June,06,0,7298,7030,268,3.7
"Ketchikan Gateway Borough",04,000130,2022,July,07,0,7644,7422,222,2.9
"Ketchikan Gateway Borough",04,000130,2022,August,08,0,7453,7260,193,2.6
"Ketchikan Gateway Borough",04,000130,2022,September,09,0,7139,6945,194,2.7
"Ketchikan Gateway Borough",04,000130,2022,October,10,0,6750,6541,209,3.1
"Ketchikan Gateway Borough",04,000130,2022,November,11,0,6357,6107,250,3.9
"Ketchikan Gateway Borough",04,000130,2022,December,12,0,6340,6091,249,3.9
"Ketchikan Gateway Borough",04,000130,2022,Annual,00,1,6763,6496,267,3.9
"Ketchikan Gateway Borough",04,000130,2023,January,01,0,6171,5875,296,4.8
"Ketchikan Gateway Borough",04,000130,2023,February,02,0,6241,5940,301,4.8
"Ketchikan Gateway Borough",04,000130,2023,March,03,0,6328,6036,292,4.6
"Ketchikan Gateway Borough",04,000130,2023,April,04,0,6677,6436,241,3.6
"Ketchikan Gateway Borough",04,000130,2023,May,05,0,7190,6963,227,3.2
"Ketchikan Gateway Borough",04,000130,2023,June,06,0,7602,7343,259,3.4
"Ketchikan Gateway Borough",04,000130,2023,July,07,0,7853,7623,230,2.9
"Ketchikan Gateway Borough",04,000130,2023,August,08,0,7600,7385,215,2.8
"Ketchikan Gateway Borough",04,000130,2023,September,09,0,7278,7049,229,3.1
"Ketchikan Gateway Borough",04,000130,2023,October,10,0,6844,6615,229,3.3
"Ketchikan Gateway Borough",04,000130,2023,November,11,0,6472,6224,248,3.8
"Ketchikan Gateway Borough",04,000130,2023,December,12,0,6334,6065,269,4.2
"Ketchikan Gateway Borough",04,000130,2023,Annual,00,1,6883,6630,253,3.7
"Ketchikan Gateway Borough",04,000130,2024,January,01,0,6146,5824,322,5.2
"Ketchikan Gateway Borough",04,000130,2024,February,02,0,6131,5797,334,5.4
"Ketchikan Gateway Borough",04,000130,2024,March,03,0,6217,5928,289,4.6
"Ketchikan Gateway Borough",04,000130,2024,April,04,0,6486,6228,258,4.0
"Ketchikan Gateway Borough",04,000130,2024,May,05,0,7015,6778,237,3.4
"Ketchikan Gateway Borough",04,000130,2024,June,06,0,7339,7059,280,3.8
"Ketchikan Gateway Borough",04,000130,2024,July,07,0,7601,7350,251,3.3
"Ketchikan Gateway Borough",04,000130,2024,August,08,0,7474,7224,250,3.3
"Ketchikan Gateway Borough",04,000130,2024,September,09,0,7159,6925,234,3.3
"Ketchikan Gateway Borough",04,000130,2024,October,10,0,6785,6494,291,4.3
"Ketchikan Gateway Borough",04,000130,2024,November,11,0,6429,6095,334,5.2
"Ketchikan Gateway Borough",04,000130,2024,December,12,1,6300,6009,291,4.6
"Ketchikan Gateway Borough",04,000130,2023,Annual,00,1,6883,6630,253,3.7
