"Kusilvak Census Area NOT SEASONALLY adjusted",
"Area Name","Area Type","Area Code",Year,month,period,"Preliminary if value is 1","Labor Force",Employment,Unemployment,"Unemployment Rate"
"Kusilvak Census Area",04,000158,1990,January,01,0,1268,1130,138,10.9
"Kusilvak Census Area",04,000158,1990,February,02,0,1326,1205,121,9.1
"Kusilvak Census Area",04,000158,1990,March,03,0,1398,1216,182,13.0
"Kusilvak Census Area",04,000158,1990,April,04,0,1388,1209,179,12.9
"Kusilvak Census Area",04,000158,1990,May,05,0,1463,1258,205,14.0
"Kusilvak Census Area",04,000158,1990,June,06,0,1449,1266,183,12.6
"Kusilvak Census Area",04,000158,1990,July,07,0,1583,1399,184,11.6
"Kusilvak Census Area",04,000158,1990,August,08,0,1407,1232,175,12.4
"Kusilvak Census Area",04,000158,1990,September,09,0,1312,1140,172,13.1
"Kusilvak Census Area",04,000158,1990,October,10,0,1295,1130,165,12.7
"Kusilvak Census Area",04,000158,1990,November,11,0,1318,1152,166,12.6
"Kusilvak Census Area",04,000158,1990,December,12,0,1303,1167,136,10.4
"Kusilvak Census Area",04,000158,1990,Annual,00,0,1376,1209,167,12.1
"Kusilvak Census Area",04,000158,1991,January,01,0,1441,1298,143,9.9
"Kusilvak Census Area",04,000158,1991,February,02,0,1515,1350,165,10.9
"Kusilvak Census Area",04,000158,1991,March,03,0,1566,1361,205,13.1
"Kusilvak Census Area",04,000158,1991,April,04,0,1665,1428,237,14.2
"Kusilvak Census Area",04,000158,1991,May,05,0,1695,1439,256,15.1
"Kusilvak Census Area",04,000158,1991,June,06,0,1682,1446,236,14.0
"Kusilvak Census Area",04,000158,1991,July,07,0,1786,1590,196,11.0
"Kusilvak Census Area",04,000158,1991,August,08,0,1616,1399,217,13.4
"Kusilvak Census Area",04,000158,1991,September,09,0,1457,1285,172,11.8
"Kusilvak Census Area",04,000158,1991,October,10,0,1367,1213,154,11.3
"Kusilvak Census Area",04,000158,1991,November,11,0,1431,1263,168,11.7
"Kusilvak Census Area",04,000158,1991,December,12,0,1450,1280,170,11.7
"Kusilvak Census Area",04,000158,1991,Annual,00,0,1556,1363,193,12.4
"Kusilvak Census Area",04,000158,1992,January,01,0,1637,1469,168,10.3
"Kusilvak Census Area",04,000158,1992,February,02,0,1863,1673,190,10.2
"Kusilvak Census Area",04,000158,1992,March,03,0,1891,1689,202,10.7
"Kusilvak Census Area",04,000158,1992,April,04,0,1831,1664,167,9.1
"Kusilvak Census Area",04,000158,1992,May,05,0,1795,1580,215,12.0
"Kusilvak Census Area",04,000158,1992,June,06,0,1833,1583,250,13.6
"Kusilvak Census Area",04,000158,1992,July,07,0,1881,1687,194,10.3
"Kusilvak Census Area",04,000158,1992,August,08,0,1739,1533,206,11.8
"Kusilvak Census Area",04,000158,1992,September,09,0,1610,1434,176,10.9
"Kusilvak Census Area",04,000158,1992,October,10,0,1449,1318,131,9.0
"Kusilvak Census Area",04,000158,1992,November,11,0,1466,1332,134,9.1
"Kusilvak Census Area",04,000158,1992,December,12,0,1490,1331,159,10.7
"Kusilvak Census Area",04,000158,1992,Annual,00,0,1707,1524,183,10.7
"Kusilvak Census Area",04,000158,1993,January,01,0,1698,1560,138,8.1
"Kusilvak Census Area",04,000158,1993,February,02,0,1920,1739,181,9.4
"Kusilvak Census Area",04,000158,1993,March,03,0,1961,1750,211,10.8
"Kusilvak Census Area",04,000158,1993,April,04,0,1748,1548,200,11.4
"Kusilvak Census Area",04,000158,1993,May,05,0,1689,1457,232,13.7
"Kusilvak Census Area",04,000158,1993,June,06,0,1717,1476,241,14.0
"Kusilvak Census Area",04,000158,1993,July,07,0,1897,1690,207,10.9
"Kusilvak Census Area",04,000158,1993,August,08,0,1692,1500,192,11.3
"Kusilvak Census Area",04,000158,1993,September,09,0,1608,1449,159,9.9
"Kusilvak Census Area",04,000158,1993,October,10,0,1506,1377,129,8.6
"Kusilvak Census Area",04,000158,1993,November,11,0,1527,1368,159,10.4
"Kusilvak Census Area",04,000158,1993,December,12,0,1451,1332,119,8.2
"Kusilvak Census Area",04,000158,1993,Annual,00,0,1702,1521,181,10.6
"Kusilvak Census Area",04,000158,1994,January,01,0,1737,1583,154,8.9
"Kusilvak Census Area",04,000158,1994,February,02,0,2042,1846,196,9.6
"Kusilvak Census Area",04,000158,1994,March,03,0,1994,1772,222,11.1
"Kusilvak Census Area",04,000158,1994,April,04,0,1738,1554,184,10.6
"Kusilvak Census Area",04,000158,1994,May,05,0,1729,1526,203,11.7
"Kusilvak Census Area",04,000158,1994,June,06,0,1821,1615,206,11.3
"Kusilvak Census Area",04,000158,1994,July,07,0,2067,1849,218,10.5
"Kusilvak Census Area",04,000158,1994,August,08,0,1975,1709,266,13.5
"Kusilvak Census Area",04,000158,1994,September,09,0,1836,1652,184,10.0
"Kusilvak Census Area",04,000158,1994,October,10,0,1698,1535,163,9.6
"Kusilvak Census Area",04,000158,1994,November,11,0,1612,1445,167,10.4
"Kusilvak Census Area",04,000158,1994,December,12,0,1545,1396,149,9.6
"Kusilvak Census Area",04,000158,1994,Annual,00,0,1817,1624,193,10.6
"Kusilvak Census Area",04,000158,1995,January,01,0,1775,1575,200,11.3
"Kusilvak Census Area",04,000158,1995,February,02,0,2063,1860,203,9.8
"Kusilvak Census Area",04,000158,1995,March,03,0,2035,1819,216,10.6
"Kusilvak Census Area",04,000158,1995,April,04,0,1789,1645,144,8.0
"Kusilvak Census Area",04,000158,1995,May,05,0,1866,1641,225,12.1
"Kusilvak Census Area",04,000158,1995,June,06,0,2011,1733,278,13.8
"Kusilvak Census Area",04,000158,1995,July,07,0,2269,1966,303,13.4
"Kusilvak Census Area",04,000158,1995,August,08,0,2062,1795,267,12.9
"Kusilvak Census Area",04,000158,1995,September,09,0,1913,1684,229,12.0
"Kusilvak Census Area",04,000158,1995,October,10,0,1815,1612,203,11.2
"Kusilvak Census Area",04,000158,1995,November,11,0,1721,1505,216,12.6
"Kusilvak Census Area",04,000158,1995,December,12,0,1670,1454,216,12.9
"Kusilvak Census Area",04,000158,1995,Annual,00,0,1916,1691,225,11.7
"Kusilvak Census Area",04,000158,1996,January,01,0,1813,1588,225,12.4
"Kusilvak Census Area",04,000158,1996,February,02,0,2040,1910,130,6.4
"Kusilvak Census Area",04,000158,1996,March,03,0,2055,1877,178,8.7
"Kusilvak Census Area",04,000158,1996,April,04,0,2013,1798,215,10.7
"Kusilvak Census Area",04,000158,1996,May,05,0,2071,1821,250,12.1
"Kusilvak Census Area",04,000158,1996,June,06,0,2050,1786,264,12.9
"Kusilvak Census Area",04,000158,1996,July,07,0,2196,1940,256,11.7
"Kusilvak Census Area",04,000158,1996,August,08,0,1932,1743,189,9.8
"Kusilvak Census Area",04,000158,1996,September,09,0,1814,1670,144,7.9
"Kusilvak Census Area",04,000158,1996,October,10,0,1780,1635,145,8.1
"Kusilvak Census Area",04,000158,1996,November,11,0,1684,1521,163,9.7
"Kusilvak Census Area",04,000158,1996,December,12,0,1658,1449,209,12.6
"Kusilvak Census Area",04,000158,1996,Annual,00,0,1925,1728,197,10.2
"Kusilvak Census Area",04,000158,1997,January,01,0,1902,1685,217,11.4
"Kusilvak Census Area",04,000158,1997,February,02,0,2096,1897,199,9.5
"Kusilvak Census Area",04,000158,1997,March,03,0,2181,1941,240,11.0
"Kusilvak Census Area",04,000158,1997,April,04,0,2079,1821,258,12.4
"Kusilvak Census Area",04,000158,1997,May,05,0,2049,1803,246,12.0
"Kusilvak Census Area",04,000158,1997,June,06,0,2048,1785,263,12.8
"Kusilvak Census Area",04,000158,1997,July,07,0,2198,1955,243,11.1
"Kusilvak Census Area",04,000158,1997,August,08,0,1880,1666,214,11.4
"Kusilvak Census Area",04,000158,1997,September,09,0,1849,1695,154,8.3
"Kusilvak Census Area",04,000158,1997,October,10,0,1799,1651,148,8.2
"Kusilvak Census Area",04,000158,1997,November,11,0,1694,1537,157,9.3
"Kusilvak Census Area",04,000158,1997,December,12,0,1676,1425,251,15.0
"Kusilvak Census Area",04,000158,1997,Annual,00,0,1954,1738,216,11.1
"Kusilvak Census Area",04,000158,1998,January,01,0,2096,1832,264,12.6
"Kusilvak Census Area",04,000158,1998,February,02,0,2441,2103,338,13.8
"Kusilvak Census Area",04,000158,1998,March,03,0,2376,2058,318,13.4
"Kusilvak Census Area",04,000158,1998,April,04,0,2177,1880,297,13.6
"Kusilvak Census Area",04,000158,1998,May,05,0,2130,1794,336,15.8
"Kusilvak Census Area",04,000158,1998,June,06,0,2214,1819,395,17.8
"Kusilvak Census Area",04,000158,1998,July,07,0,2347,1992,355,15.1
"Kusilvak Census Area",04,000158,1998,August,08,0,2113,1796,317,15.0
"Kusilvak Census Area",04,000158,1998,September,09,0,2079,1787,292,14.0
"Kusilvak Census Area",04,000158,1998,October,10,0,1967,1755,212,10.8
"Kusilvak Census Area",04,000158,1998,November,11,0,1870,1643,227,12.1
"Kusilvak Census Area",04,000158,1998,December,12,0,1826,1557,269,14.7
"Kusilvak Census Area",04,000158,1998,Annual,00,0,2137,1835,302,14.1
"Kusilvak Census Area",04,000158,1999,January,01,0,2175,1877,298,13.7
"Kusilvak Census Area",04,000158,1999,February,02,0,2491,2142,349,14.0
"Kusilvak Census Area",04,000158,1999,March,03,0,2464,2096,368,14.9
"Kusilvak Census Area",04,000158,1999,April,04,0,2182,1817,365,16.7
"Kusilvak Census Area",04,000158,1999,May,05,0,2159,1760,399,18.5
"Kusilvak Census Area",04,000158,1999,June,06,0,2150,1768,382,17.8
"Kusilvak Census Area",04,000158,1999,July,07,0,2396,2038,358,14.9
"Kusilvak Census Area",04,000158,1999,August,08,0,2333,1999,334,14.3
"Kusilvak Census Area",04,000158,1999,September,09,0,2175,1903,272,12.5
"Kusilvak Census Area",04,000158,1999,October,10,0,2094,1860,234,11.2
"Kusilvak Census Area",04,000158,1999,November,11,0,1945,1695,250,12.9
"Kusilvak Census Area",04,000158,1999,December,12,0,1837,1596,241,13.1
"Kusilvak Census Area",04,000158,1999,Annual,00,0,2200,1879,321,14.6
"Kusilvak Census Area",04,000158,2000,January,01,0,2224,1918,306,13.8
"Kusilvak Census Area",04,000158,2000,February,02,0,2311,1980,331,14.3
"Kusilvak Census Area",04,000158,2000,March,03,0,2320,1977,343,14.8
"Kusilvak Census Area",04,000158,2000,April,04,0,2238,1896,342,15.3
"Kusilvak Census Area",04,000158,2000,May,05,0,2330,1933,397,17.0
"Kusilvak Census Area",04,000158,2000,June,06,0,2260,1859,401,17.7
"Kusilvak Census Area",04,000158,2000,July,07,0,2108,1728,380,18.0
"Kusilvak Census Area",04,000158,2000,August,08,0,2315,1946,369,15.9
"Kusilvak Census Area",04,000158,2000,September,09,0,2204,1883,321,14.6
"Kusilvak Census Area",04,000158,2000,October,10,0,2047,1764,283,13.8
"Kusilvak Census Area",04,000158,2000,November,11,0,2228,1936,292,13.1
"Kusilvak Census Area",04,000158,2000,December,12,0,2256,1942,314,13.9
"Kusilvak Census Area",04,000158,2000,Annual,00,0,2237,1897,340,15.2
"Kusilvak Census Area",04,000158,2001,January,01,0,2340,1989,351,15.0
"Kusilvak Census Area",04,000158,2001,February,02,0,2261,1903,358,15.8
"Kusilvak Census Area",04,000158,2001,March,03,0,2282,1913,369,16.2
"Kusilvak Census Area",04,000158,2001,April,04,0,2311,1929,382,16.5
"Kusilvak Census Area",04,000158,2001,May,05,0,2325,1932,393,16.9
"Kusilvak Census Area",04,000158,2001,June,06,0,2220,1782,438,19.7
"Kusilvak Census Area",04,000158,2001,July,07,0,2123,1754,369,17.4
"Kusilvak Census Area",04,000158,2001,August,08,0,2190,1835,355,16.2
"Kusilvak Census Area",04,000158,2001,September,09,0,2364,2036,328,13.9
"Kusilvak Census Area",04,000158,2001,October,10,0,2599,2281,318,12.2
"Kusilvak Census Area",04,000158,2001,November,11,0,2574,2252,322,12.5
"Kusilvak Census Area",04,000158,2001,December,12,0,2512,2184,328,13.1
"Kusilvak Census Area",04,000158,2001,Annual,00,0,2342,1983,359,15.3
"Kusilvak Census Area",04,000158,2002,January,01,0,2520,2149,371,14.7
"Kusilvak Census Area",04,000158,2002,February,02,0,2533,2151,382,15.1
"Kusilvak Census Area",04,000158,2002,March,03,0,2579,2161,418,16.2
"Kusilvak Census Area",04,000158,2002,April,04,0,2535,2101,434,17.1
"Kusilvak Census Area",04,000158,2002,May,05,0,2746,2277,469,17.1
"Kusilvak Census Area",04,000158,2002,June,06,0,2247,1765,482,21.5
"Kusilvak Census Area",04,000158,2002,July,07,0,2250,1768,482,21.4
"Kusilvak Census Area",04,000158,2002,August,08,0,2439,1995,444,18.2
"Kusilvak Census Area",04,000158,2002,September,09,0,2521,2080,441,17.5
"Kusilvak Census Area",04,000158,2002,October,10,0,2382,1974,408,17.1
"Kusilvak Census Area",04,000158,2002,November,11,0,2442,2046,396,16.2
"Kusilvak Census Area",04,000158,2002,December,12,0,2639,2225,414,15.7
"Kusilvak Census Area",04,000158,2002,Annual,00,0,2486,2058,428,17.2
"Kusilvak Census Area",04,000158,2003,January,01,0,2488,2041,447,18.0
"Kusilvak Census Area",04,000158,2003,February,02,0,2624,2160,464,17.7
"Kusilvak Census Area",04,000158,2003,March,03,0,2686,2226,460,17.1
"Kusilvak Census Area",04,000158,2003,April,04,0,2741,2259,482,17.6
"Kusilvak Census Area",04,000158,2003,May,05,0,2888,2397,491,17.0
"Kusilvak Census Area",04,000158,2003,June,06,0,2382,1840,542,22.8
"Kusilvak Census Area",04,000158,2003,July,07,0,2416,1904,512,21.2
"Kusilvak Census Area",04,000158,2003,August,08,0,2566,2083,483,18.8
"Kusilvak Census Area",04,000158,2003,September,09,0,2641,2177,464,17.6
"Kusilvak Census Area",04,000158,2003,October,10,0,2832,2378,454,16.0
"Kusilvak Census Area",04,000158,2003,November,11,0,2799,2350,449,16.0
"Kusilvak Census Area",04,000158,2003,December,12,0,2820,2404,416,14.8
"Kusilvak Census Area",04,000158,2003,Annual,00,0,2657,2185,472,17.8
"Kusilvak Census Area",04,000158,2004,January,01,0,2664,2188,476,17.9
"Kusilvak Census Area",04,000158,2004,February,02,0,2582,2092,490,19.0
"Kusilvak Census Area",04,000158,2004,March,03,0,2639,2110,529,20.0
"Kusilvak Census Area",04,000158,2004,April,04,0,2584,2065,519,20.1
"Kusilvak Census Area",04,000158,2004,May,05,0,2761,2204,557,20.2
"Kusilvak Census Area",04,000158,2004,June,06,0,2200,1566,634,28.8
"Kusilvak Census Area",04,000158,2004,July,07,0,2111,1598,513,24.3
"Kusilvak Census Area",04,000158,2004,August,08,0,2287,1805,482,21.1
"Kusilvak Census Area",04,000158,2004,September,09,0,2493,2031,462,18.5
"Kusilvak Census Area",04,000158,2004,October,10,0,2582,2117,465,18.0
"Kusilvak Census Area",04,000158,2004,November,11,0,2544,2073,471,18.5
"Kusilvak Census Area",04,000158,2004,December,12,0,2612,2149,463,17.7
"Kusilvak Census Area",04,000158,2004,Annual,00,0,2505,2000,505,20.2
"Kusilvak Census Area",04,000158,2005,January,01,0,2595,2076,519,20.0
"Kusilvak Census Area",04,000158,2005,February,02,0,2677,2115,562,21.0
"Kusilvak Census Area",04,000158,2005,March,03,0,2678,2112,566,21.1
"Kusilvak Census Area",04,000158,2005,April,04,0,2578,2025,553,21.5
"Kusilvak Census Area",04,000158,2005,May,05,0,2758,2196,562,20.4
"Kusilvak Census Area",04,000158,2005,June,06,0,2430,1826,604,24.9
"Kusilvak Census Area",04,000158,2005,July,07,0,2145,1607,538,25.1
"Kusilvak Census Area",04,000158,2005,August,08,0,2281,1802,479,21.0
"Kusilvak Census Area",04,000158,2005,September,09,0,2520,2029,491,19.5
"Kusilvak Census Area",04,000158,2005,October,10,0,2630,2114,516,19.6
"Kusilvak Census Area",04,000158,2005,November,11,0,2604,2088,516,19.8
"Kusilvak Census Area",04,000158,2005,December,12,0,2608,2106,502,19.2
"Kusilvak Census Area",04,000158,2005,Annual,00,0,2542,2008,534,21.0
"Kusilvak Census Area",04,000158,2006,January,01,0,2553,2027,526,20.6
"Kusilvak Census Area",04,000158,2006,February,02,0,2585,2020,565,21.9
"Kusilvak Census Area",04,000158,2006,March,03,0,2636,2069,567,21.5
"Kusilvak Census Area",04,000158,2006,April,04,0,2562,1969,593,23.1
"Kusilvak Census Area",04,000158,2006,May,05,0,2522,1918,604,23.9
"Kusilvak Census Area",04,000158,2006,June,06,0,2525,1940,585,23.2
"Kusilvak Census Area",04,000158,2006,July,07,0,2223,1665,558,25.1
"Kusilvak Census Area",04,000158,2006,August,08,0,2477,1990,487,19.7
"Kusilvak Census Area",04,000158,2006,September,09,0,2541,2093,448,17.6
"Kusilvak Census Area",04,000158,2006,October,10,0,2578,2127,451,17.5
"Kusilvak Census Area",04,000158,2006,November,11,0,2613,2156,457,17.5
"Kusilvak Census Area",04,000158,2006,December,12,0,2575,2112,463,18.0
"Kusilvak Census Area",04,000158,2006,Annual,00,0,2532,2007,525,20.7
"Kusilvak Census Area",04,000158,2007,January,01,0,2595,2070,525,20.2
"Kusilvak Census Area",04,000158,2007,February,02,0,2610,2076,534,20.5
"Kusilvak Census Area",04,000158,2007,March,03,0,2592,2054,538,20.8
"Kusilvak Census Area",04,000158,2007,April,04,0,2611,2069,542,20.8
"Kusilvak Census Area",04,000158,2007,May,05,0,2580,2011,569,22.1
"Kusilvak Census Area",04,000158,2007,June,06,0,2598,2027,571,22.0
"Kusilvak Census Area",04,000158,2007,July,07,0,2171,1619,552,25.4
"Kusilvak Census Area",04,000158,2007,August,08,0,2393,1899,494,20.6
"Kusilvak Census Area",04,000158,2007,September,09,0,2618,2167,451,17.2
"Kusilvak Census Area",04,000158,2007,October,10,0,2725,2230,495,18.2
"Kusilvak Census Area",04,000158,2007,November,11,0,2724,2235,489,18.0
"Kusilvak Census Area",04,000158,2007,December,12,0,2698,2214,484,17.9
"Kusilvak Census Area",04,000158,2007,Annual,00,0,2576,2056,520,20.2
"Kusilvak Census Area",04,000158,2008,January,01,0,2659,2114,545,20.5
"Kusilvak Census Area",04,000158,2008,February,02,0,2693,2132,561,20.8
"Kusilvak Census Area",04,000158,2008,March,03,0,2712,2143,569,21.0
"Kusilvak Census Area",04,000158,2008,April,04,0,2691,2136,555,20.6
"Kusilvak Census Area",04,000158,2008,May,05,0,2678,2118,560,20.9
"Kusilvak Census Area",04,000158,2008,June,06,0,2316,1739,577,24.9
"Kusilvak Census Area",04,000158,2008,July,07,0,2238,1693,545,24.4
"Kusilvak Census Area",04,000158,2008,August,08,0,2581,2048,533,20.7
"Kusilvak Census Area",04,000158,2008,September,09,0,2659,2195,464,17.5
"Kusilvak Census Area",04,000158,2008,October,10,0,2628,2207,421,16.0
"Kusilvak Census Area",04,000158,2008,November,11,0,2651,2229,422,15.9
"Kusilvak Census Area",04,000158,2008,December,12,0,2656,2198,458,17.2
"Kusilvak Census Area",04,000158,2008,Annual,00,0,2597,2079,518,19.9
"Kusilvak Census Area",04,000158,2009,January,01,0,2630,2096,534,20.3
"Kusilvak Census Area",04,000158,2009,February,02,0,2767,2163,604,21.8
"Kusilvak Census Area",04,000158,2009,March,03,0,2749,2151,598,21.8
"Kusilvak Census Area",04,000158,2009,April,04,0,2796,2163,633,22.6
"Kusilvak Census Area",04,000158,2009,May,05,0,2786,2119,667,23.9
"Kusilvak Census Area",04,000158,2009,June,06,0,2766,2073,693,25.1
"Kusilvak Census Area",04,000158,2009,July,07,0,2441,1845,596,24.4
"Kusilvak Census Area",04,000158,2009,August,08,0,2601,2057,544,20.9
"Kusilvak Census Area",04,000158,2009,September,09,0,2744,2219,525,19.1
"Kusilvak Census Area",04,000158,2009,October,10,0,2754,2244,510,18.5
"Kusilvak Census Area",04,000158,2009,November,11,0,2737,2217,520,19.0
"Kusilvak Census Area",04,000158,2009,December,12,0,2687,2188,499,18.6
"Kusilvak Census Area",04,000158,2009,Annual,00,0,2705,2128,577,21.3
"Kusilvak Census Area",04,000158,2010,January,01,0,2607,2049,558,21.4
"Kusilvak Census Area",04,000158,2010,February,02,0,2723,2103,620,22.8
"Kusilvak Census Area",04,000158,2010,March,03,0,2748,2130,618,22.5
"Kusilvak Census Area",04,000158,2010,April,04,0,2701,2124,577,21.4
"Kusilvak Census Area",04,000158,2010,May,05,0,2712,2149,563,20.8
"Kusilvak Census Area",04,000158,2010,June,06,0,2735,2117,618,22.6
"Kusilvak Census Area",04,000158,2010,July,07,0,2412,1846,566,23.5
"Kusilvak Census Area",04,000158,2010,August,08,0,2609,2069,540,20.7
"Kusilvak Census Area",04,000158,2010,September,09,0,2751,2237,514,18.7
"Kusilvak Census Area",04,000158,2010,October,10,0,2786,2293,493,17.7
"Kusilvak Census Area",04,000158,2010,November,11,0,2772,2238,534,19.3
"Kusilvak Census Area",04,000158,2010,December,12,0,2464,1929,535,21.7
"Kusilvak Census Area",04,000158,2010,Annual,00,1,2668,2107,561,21.0
"Kusilvak Census Area",04,000158,2011,January,01,0,2728,2086,642,23.5
"Kusilvak Census Area",04,000158,2011,February,02,0,2868,2220,648,22.6
"Kusilvak Census Area",04,000158,2011,March,03,0,2805,2199,606,21.6
"Kusilvak Census Area",04,000158,2011,April,04,0,2755,2184,571,20.7
"Kusilvak Census Area",04,000158,2011,May,05,0,2793,2215,578,20.7
"Kusilvak Census Area",04,000158,2011,June,06,0,2753,2108,645,23.4
"Kusilvak Census Area",04,000158,2011,July,07,0,2602,1995,607,23.3
"Kusilvak Census Area",04,000158,2011,August,08,0,2680,2114,566,21.1
"Kusilvak Census Area",04,000158,2011,September,09,0,2890,2332,558,19.3
"Kusilvak Census Area",04,000158,2011,October,10,0,2697,2151,546,20.2
"Kusilvak Census Area",04,000158,2011,November,11,0,2733,2171,562,20.6
"Kusilvak Census Area",04,000158,2011,December,12,0,2789,2203,586,21.0
"Kusilvak Census Area",04,000158,2011,Annual,00,1,2758,2165,593,21.5
"Kusilvak Census Area",04,000158,2012,January,01,0,2697,2078,619,23.0
"Kusilvak Census Area",04,000158,2012,February,02,0,2790,2145,645,23.1
"Kusilvak Census Area",04,000158,2012,March,03,0,2773,2126,647,23.3
"Kusilvak Census Area",04,000158,2012,April,04,0,2777,2161,616,22.2
"Kusilvak Census Area",04,000158,2012,May,05,0,2733,2097,636,23.3
"Kusilvak Census Area",04,000158,2012,June,06,0,2706,2004,702,25.9
"Kusilvak Census Area",04,000158,2012,July,07,0,2498,1878,620,24.8
"Kusilvak Census Area",04,000158,2012,August,08,0,2799,2206,593,21.2
"Kusilvak Census Area",04,000158,2012,September,09,0,2975,2383,592,19.9
"Kusilvak Census Area",04,000158,2012,October,10,0,2816,2234,582,20.7
"Kusilvak Census Area",04,000158,2012,November,11,0,2782,2221,561,20.2
"Kusilvak Census Area",04,000158,2012,December,12,0,2823,2221,602,21.3
"Kusilvak Census Area",04,000158,2012,Annual,00,1,2764,2146,618,22.4
"Kusilvak Census Area",04,000158,2013,January,01,0,2709,2031,678,25.0
"Kusilvak Census Area",04,000158,2013,February,02,0,2787,2083,704,25.3
"Kusilvak Census Area",04,000158,2013,March,03,0,2770,2096,674,24.3
"Kusilvak Census Area",04,000158,2013,April,04,0,2798,2147,651,23.3
"Kusilvak Census Area",04,000158,2013,May,05,0,2803,2105,698,24.9
"Kusilvak Census Area",04,000158,2013,June,06,0,2707,1960,747,27.6
"Kusilvak Census Area",04,000158,2013,July,07,0,2453,1828,625,25.5
"Kusilvak Census Area",04,000158,2013,August,08,0,2768,2163,605,21.9
"Kusilvak Census Area",04,000158,2013,September,09,0,2872,2258,614,21.4
"Kusilvak Census Area",04,000158,2013,October,10,0,2854,2236,618,21.7
"Kusilvak Census Area",04,000158,2013,November,11,0,2899,2276,623,21.5
"Kusilvak Census Area",04,000158,2013,December,12,0,2828,2185,643,22.7
"Kusilvak Census Area",04,000158,2013,Annual,00,1,2771,2114,657,23.7
"Kusilvak Census Area",04,000158,2014,January,01,0,2803,2071,732,26.1
"Kusilvak Census Area",04,000158,2014,February,02,0,2886,2126,760,26.3
"Kusilvak Census Area",04,000158,2014,March,03,0,2909,2136,773,26.6
"Kusilvak Census Area",04,000158,2014,April,04,0,2829,2144,685,24.2
"Kusilvak Census Area",04,000158,2014,May,05,0,2880,2178,702,24.4
"Kusilvak Census Area",04,000158,2014,June,06,0,2826,2126,700,24.8
"Kusilvak Census Area",04,000158,2014,July,07,0,2536,1867,669,26.4
"Kusilvak Census Area",04,000158,2014,August,08,0,2815,2193,622,22.1
"Kusilvak Census Area",04,000158,2014,September,09,0,2900,2296,604,20.8
"Kusilvak Census Area",04,000158,2014,October,10,0,2786,2237,549,19.7
"Kusilvak Census Area",04,000158,2014,November,11,0,2783,2233,550,19.8
"Kusilvak Census Area",04,000158,2014,December,12,0,2781,2213,568,20.4
"Kusilvak Census Area",04,000158,2014,Annual,00,1,2812,2152,660,23.5
"Kusilvak Census Area",04,000158,2015,January,01,0,2773,2104,669,24.1
"Kusilvak Census Area",04,000158,2015,February,02,0,2870,2183,687,23.9
"Kusilvak Census Area",04,000158,2015,March,03,0,2902,2197,705,24.3
"Kusilvak Census Area",04,000158,2015,April,04,0,2873,2200,673,23.4
"Kusilvak Census Area",04,000158,2015,May,05,0,2884,2180,704,24.4
"Kusilvak Census Area",04,000158,2015,June,06,0,2738,2064,674,24.6
"Kusilvak Census Area",04,000158,2015,July,07,0,2451,1813,638,26.0
"Kusilvak Census Area",04,000158,2015,August,08,0,2573,2008,565,22.0
"Kusilvak Census Area",04,000158,2015,September,09,0,2863,2328,535,18.7
"Kusilvak Census Area",04,000158,2015,October,10,0,2883,2323,560,19.4
"Kusilvak Census Area",04,000158,2015,November,11,0,2849,2311,538,18.9
"Kusilvak Census Area",04,000158,2015,December,12,0,2781,2210,571,20.5
"Kusilvak Census Area",04,000158,2015,Annual,00,1,2787,2160,627,22.5
"Kusilvak Census Area",04,000158,2016,January,01,0,2706,2085,621,22.9
"Kusilvak Census Area",04,000158,2016,February,02,0,2778,2105,673,24.2
"Kusilvak Census Area",04,000158,2016,March,03,0,2749,2098,651,23.7
"Kusilvak Census Area",04,000158,2016,April,04,0,2823,2209,614,21.7
"Kusilvak Census Area",04,000158,2016,May,05,0,2733,2147,586,21.4
"Kusilvak Census Area",04,000158,2016,June,06,0,2665,2030,635,23.8
"Kusilvak Census Area",04,000158,2016,July,07,0,2428,1861,567,23.4
"Kusilvak Census Area",04,000158,2016,August,08,0,2654,2115,539,20.3
"Kusilvak Census Area",04,000158,2016,September,09,0,2797,2347,450,16.1
"Kusilvak Census Area",04,000158,2016,October,10,0,2673,2189,484,18.1
"Kusilvak Census Area",04,000158,2016,November,11,0,2676,2222,454,17.0
"Kusilvak Census Area",04,000158,2016,December,12,0,2782,2290,492,17.7
"Kusilvak Census Area",04,000158,2016,Annual,00,1,2706,2142,564,20.8
"Kusilvak Census Area",04,000158,2017,January,01,0,2768,2229,539,19.5
"Kusilvak Census Area",04,000158,2017,February,02,0,2830,2261,569,20.1
"Kusilvak Census Area",04,000158,2017,March,03,0,2749,2220,529,19.2
"Kusilvak Census Area",04,000158,2017,April,04,0,2675,2164,511,19.1
"Kusilvak Census Area",04,000158,2017,May,05,0,2687,2175,512,19.1
"Kusilvak Census Area",04,000158,2017,June,06,0,2787,2218,569,20.4
"Kusilvak Census Area",04,000158,2017,July,07,0,2392,1863,529,22.1
"Kusilvak Census Area",04,000158,2017,August,08,0,2849,2332,517,18.1
"Kusilvak Census Area",04,000158,2017,September,09,0,2852,2424,428,15.0
"Kusilvak Census Area",04,000158,2017,October,10,0,2714,2274,440,16.2
"Kusilvak Census Area",04,000158,2017,November,11,0,2724,2262,462,17.0
"Kusilvak Census Area",04,000158,2017,December,12,0,2792,2303,489,17.5
"Kusilvak Census Area",04,000158,2017,Annual,00,1,2735,2227,508,18.6
"Kusilvak Census Area",04,000158,2018,January,01,0,2760,2222,538,19.5
"Kusilvak Census Area",04,000158,2018,February,02,0,2783,2231,552,19.8
"Kusilvak Census Area",04,000158,2018,March,03,0,2773,2230,543,19.6
"Kusilvak Census Area",04,000158,2018,April,04,0,2649,2171,478,18.0
"Kusilvak Census Area",04,000158,2018,May,05,0,2649,2160,489,18.5
"Kusilvak Census Area",04,000158,2018,June,06,0,2747,2171,576,21.0
"Kusilvak Census Area",04,000158,2018,July,07,0,2366,1865,501,21.2
"Kusilvak Census Area",04,000158,2018,August,08,0,2689,2205,484,18.0
"Kusilvak Census Area",04,000158,2018,September,09,0,2768,2338,430,15.5
"Kusilvak Census Area",04,000158,2018,October,10,0,2623,2214,409,15.6
"Kusilvak Census Area",04,000158,2018,November,11,0,2668,2226,442,16.6
"Kusilvak Census Area",04,000158,2018,December,12,0,2700,2209,491,18.2
"Kusilvak Census Area",04,000158,2018,Annual,00,1,2681,2187,494,18.4
"Kusilvak Census Area",04,000158,2019,January,01,0,2790,2223,567,20.3
"Kusilvak Census Area",04,000158,2019,February,02,0,2778,2204,574,20.7
"Kusilvak Census Area",04,000158,2019,March,03,0,2734,2179,555,20.3
"Kusilvak Census Area",04,000158,2019,April,04,0,2587,2093,494,19.1
"Kusilvak Census Area",04,000158,2019,May,05,0,2650,2149,501,18.9
"Kusilvak Census Area",04,000158,2019,June,06,0,2547,1954,593,23.3
"Kusilvak Census Area",04,000158,2019,July,07,0,2354,1839,515,21.9
"Kusilvak Census Area",04,000158,2019,August,08,0,2738,2274,464,16.9
"Kusilvak Census Area",04,000158,2019,September,09,0,2737,2348,389,14.2
"Kusilvak Census Area",04,000158,2019,October,10,0,2621,2254,367,14.0
"Kusilvak Census Area",04,000158,2019,November,11,0,2628,2241,387,14.7
"Kusilvak Census Area",04,000158,2019,December,12,0,2668,2273,395,14.8
"Kusilvak Census Area",04,000158,2019,Annual,00,1,2652,2169,483,18.2
"Kusilvak Census Area",04,000158,2020,January,01,0,2375,1918,457,19.2
"Kusilvak Census Area",04,000158,2020,February,02,0,2471,1951,520,21.0
"Kusilvak Census Area",04,000158,2020,March,03,0,2465,1892,573,23.2
"Kusilvak Census Area",04,000158,2020,April,04,0,2088,1632,456,21.8
"Kusilvak Census Area",04,000158,2020,May,05,0,2205,1667,538,24.4
"Kusilvak Census Area",04,000158,2020,June,06,0,2094,1507,587,28.0
"Kusilvak Census Area",04,000158,2020,July,07,0,2143,1569,574,26.8
"Kusilvak Census Area",04,000158,2020,August,08,0,2216,1801,415,18.7
"Kusilvak Census Area",04,000158,2020,September,09,0,2348,1951,397,16.9
"Kusilvak Census Area",04,000158,2020,October,10,0,2391,2045,346,14.5
"Kusilvak Census Area",04,000158,2020,November,11,0,2366,1937,429,18.1
"Kusilvak Census Area",04,000158,2020,December,12,0,2296,1863,433,18.9
"Kusilvak Census Area",04,000158,2020,Annual,00,1,2288,1811,477,20.8
"Kusilvak Census Area",04,000158,2021,January,01,0,2334,1875,459,19.7
"Kusilvak Census Area",04,000158,2021,February,02,0,2308,1803,505,21.9
"Kusilvak Census Area",04,000158,2021,March,03,0,2373,1865,508,21.4
"Kusilvak Census Area",04,000158,2021,April,04,0,2423,1894,529,21.8
"Kusilvak Census Area",04,000158,2021,May,05,0,2390,1880,510,21.3
"Kusilvak Census Area",04,000158,2021,June,06,0,2330,1757,573,24.6
"Kusilvak Census Area",04,000158,2021,July,07,0,2230,1723,507,22.7
"Kusilvak Census Area",04,000158,2021,August,08,0,2343,1887,456,19.5
"Kusilvak Census Area",04,000158,2021,September,09,0,2332,1956,376,16.1
"Kusilvak Census Area",04,000158,2021,October,10,0,2378,2032,346,14.6
"Kusilvak Census Area",04,000158,2021,November,11,0,2372,2014,358,15.1
"Kusilvak Census Area",04,000158,2021,December,12,0,2396,2057,339,14.1
"Kusilvak Census Area",04,000158,2021,Annual,00,1,2351,1895,456,19.4
"Kusilvak Census Area",04,000158,2022,January,01,0,2314,1952,362,15.6
"Kusilvak Census Area",04,000158,2022,February,02,0,2360,1992,368,15.6
"Kusilvak Census Area",04,000158,2022,March,03,0,2346,2014,332,14.2
"Kusilvak Census Area",04,000158,2022,April,04,0,2286,1978,308,13.5
"Kusilvak Census Area",04,000158,2022,May,05,0,2260,1971,289,12.8
"Kusilvak Census Area",04,000158,2022,June,06,0,2134,1791,343,16.1
"Kusilvak Census Area",04,000158,2022,July,07,0,1871,1562,309,16.5
"Kusilvak Census Area",04,000158,2022,August,08,0,2134,1866,268,12.6
"Kusilvak Census Area",04,000158,2022,September,09,0,2256,2007,249,11.0
"Kusilvak Census Area",04,000158,2022,October,10,0,2262,2030,232,10.3
"Kusilvak Census Area",04,000158,2022,November,11,0,2318,2025,293,12.6
"Kusilvak Census Area",04,000158,2022,December,12,0,2398,2112,286,11.9
"Kusilvak Census Area",04,000158,2022,Annual,00,1,2245,1942,303,13.5
"Kusilvak Census Area",04,000158,2023,January,01,0,2310,2005,305,13.2
"Kusilvak Census Area",04,000158,2023,February,02,0,2408,2081,327,13.6
"Kusilvak Census Area",04,000158,2023,March,03,0,2440,2111,329,13.5
"Kusilvak Census Area",04,000158,2023,April,04,0,2277,1973,304,13.4
"Kusilvak Census Area",04,000158,2023,May,05,0,2245,1914,331,14.7
"Kusilvak Census Area",04,000158,2023,June,06,0,2028,1629,399,19.7
"Kusilvak Census Area",04,000158,2023,July,07,0,1862,1510,352,18.9
"Kusilvak Census Area",04,000158,2023,August,08,0,2152,1774,378,17.6
"Kusilvak Census Area",04,000158,2023,September,09,0,2327,1965,362,15.6
"Kusilvak Census Area",04,000158,2023,October,10,0,2499,2145,354,14.2
"Kusilvak Census Area",04,000158,2023,November,11,0,2499,2135,364,14.6
"Kusilvak Census Area",04,000158,2023,December,12,0,2538,2186,352,13.9
"Kusilvak Census Area",04,000158,2023,Annual,00,1,2298,1952,346,15.1
"Kusilvak Census Area",04,000158,2024,January,01,0,2346,1955,391,16.7
"Kusilvak Census Area",04,000158,2024,February,02,0,2460,2024,436,17.7
"Kusilvak Census Area",04,000158,2024,March,03,0,2482,2087,395,15.9
"Kusilvak Census Area",04,000158,2024,April,04,0,2377,2031,346,14.6
"Kusilvak Census Area",04,000158,2024,May,05,0,2232,1892,340,15.2
"Kusilvak Census Area",04,000158,2024,June,06,0,2000,1592,408,20.4
"Kusilvak Census Area",04,000158,2024,July,07,0,1820,1408,412,22.6
"Kusilvak Census Area",04,000158,2024,August,08,0,2049,1655,394,19.2
"Kusilvak Census Area",04,000158,2024,September,09,0,2203,1872,331,15.0
"Kusilvak Census Area",04,000158,2024,October,10,0,2295,1977,318,13.9
"Kusilvak Census Area",04,000158,2024,November,11,0,2384,2011,373,15.6
"Kusilvak Census Area",04,000158,2024,December,12,1,2386,2018,368,15.4
"Kusilvak Census Area",04,000158,2023,Annual,00,1,2298,1952,346,15.1
