"Municipality of Anchorage NOT SEASONALLY adjusted",
"Area Name","Area Type","Area Code",Year,month,period,"Preliminary if value is 1","Labor Force",Employment,Unemployment,"Unemployment Rate"
"Municipality of Anchorage",04,000020,1990,January,01,0,122116,115075,7041,5.8
"Municipality of Anchorage",04,000020,1990,February,02,0,120973,114212,6761,5.6
"Municipality of Anchorage",04,000020,1990,March,03,0,122306,115633,6673,5.5
"Municipality of Anchorage",04,000020,1990,April,04,0,119375,112558,6817,5.7
"Municipality of Anchorage",04,000020,1990,May,05,0,121519,114765,6754,5.6
"Municipality of Anchorage",04,000020,1990,June,06,0,123370,117110,6260,5.1
"Municipality of Anchorage",04,000020,1990,July,07,0,124937,118960,5977,4.8
"Municipality of Anchorage",04,000020,1990,August,08,0,123131,117109,6022,4.9
"Municipality of Anchorage",04,000020,1990,September,09,0,123168,116814,6354,5.2
"Municipality of Anchorage",04,000020,1990,October,10,0,125027,119051,5976,4.8
"Municipality of Anchorage",04,000020,1990,November,11,0,125252,118837,6415,5.1
"Municipality of Anchorage",04,000020,1990,December,12,0,124699,118235,6464,5.2
"Municipality of Anchorage",04,000020,1990,Annual,00,0,122990,116530,6460,5.3
"Municipality of Anchorage",04,000020,1991,January,01,0,120967,113700,7267,6.0
"Municipality of Anchorage",04,000020,1991,February,02,0,121244,113112,8132,6.7
"Municipality of Anchorage",04,000020,1991,March,03,0,121713,113441,8272,6.8
"Municipality of Anchorage",04,000020,1991,April,04,0,121601,113667,7934,6.5
"Municipality of Anchorage",04,000020,1991,May,05,0,121501,113361,8140,6.7
"Municipality of Anchorage",04,000020,1991,June,06,0,124326,115925,8401,6.8
"Municipality of Anchorage",04,000020,1991,July,07,0,124795,116895,7900,6.3
"Municipality of Anchorage",04,000020,1991,August,08,0,123695,116193,7502,6.1
"Municipality of Anchorage",04,000020,1991,September,09,0,122954,114732,8222,6.7
"Municipality of Anchorage",04,000020,1991,October,10,0,124885,116732,8153,6.5
"Municipality of Anchorage",04,000020,1991,November,11,0,124885,116408,8477,6.8
"Municipality of Anchorage",04,000020,1991,December,12,0,126019,117608,8411,6.7
"Municipality of Anchorage",04,000020,1991,Annual,00,0,123216,115148,8068,6.5
"Municipality of Anchorage",04,000020,1992,January,01,0,125033,115664,9369,7.5
"Municipality of Anchorage",04,000020,1992,February,02,0,124882,115107,9775,7.8
"Municipality of Anchorage",04,000020,1992,March,03,0,124793,115107,9686,7.8
"Municipality of Anchorage",04,000020,1992,April,04,0,123902,114775,9127,7.4
"Municipality of Anchorage",04,000020,1992,May,05,0,125599,116374,9225,7.3
"Municipality of Anchorage",04,000020,1992,June,06,0,127978,118144,9834,7.7
"Municipality of Anchorage",04,000020,1992,July,07,0,129920,121052,8868,6.8
"Municipality of Anchorage",04,000020,1992,August,08,0,128432,120131,8301,6.5
"Municipality of Anchorage",04,000020,1992,September,09,0,128161,119363,8798,6.9
"Municipality of Anchorage",04,000020,1992,October,10,0,128365,120005,8360,6.5
"Municipality of Anchorage",04,000020,1992,November,11,0,130502,121954,8548,6.6
"Municipality of Anchorage",04,000020,1992,December,12,0,131365,123238,8127,6.2
"Municipality of Anchorage",04,000020,1992,Annual,00,0,127412,118410,9002,7.1
"Municipality of Anchorage",04,000020,1993,January,01,0,130253,121669,8584,6.6
"Municipality of Anchorage",04,000020,1993,February,02,0,129229,120322,8907,6.9
"Municipality of Anchorage",04,000020,1993,March,03,0,129964,121296,8668,6.7
"Municipality of Anchorage",04,000020,1993,April,04,0,128080,119968,8112,6.3
"Municipality of Anchorage",04,000020,1993,May,05,0,131208,123121,8087,6.2
"Municipality of Anchorage",04,000020,1993,June,06,0,133203,124585,8618,6.5
"Municipality of Anchorage",04,000020,1993,July,07,0,132698,124989,7709,5.8
"Municipality of Anchorage",04,000020,1993,August,08,0,130815,123681,7134,5.5
"Municipality of Anchorage",04,000020,1993,September,09,0,131132,124053,7079,5.4
"Municipality of Anchorage",04,000020,1993,October,10,0,133422,125979,7443,5.6
"Municipality of Anchorage",04,000020,1993,November,11,0,136147,128771,7376,5.4
"Municipality of Anchorage",04,000020,1993,December,12,0,135606,128640,6966,5.1
"Municipality of Anchorage",04,000020,1993,Annual,00,0,131813,123923,7890,6.0
"Municipality of Anchorage",04,000020,1994,January,01,0,134826,126596,8230,6.1
"Municipality of Anchorage",04,000020,1994,February,02,0,133557,125068,8489,6.4
"Municipality of Anchorage",04,000020,1994,March,03,0,132172,124054,8118,6.1
"Municipality of Anchorage",04,000020,1994,April,04,0,132210,124280,7930,6.0
"Municipality of Anchorage",04,000020,1994,May,05,0,133075,125648,7427,5.6
"Municipality of Anchorage",04,000020,1994,June,06,0,133165,125585,7580,5.7
"Municipality of Anchorage",04,000020,1994,July,07,0,133028,125621,7407,5.6
"Municipality of Anchorage",04,000020,1994,August,08,0,132114,125482,6632,5.0
"Municipality of Anchorage",04,000020,1994,September,09,0,132118,125369,6749,5.1
"Municipality of Anchorage",04,000020,1994,October,10,0,133911,127065,6846,5.1
"Municipality of Anchorage",04,000020,1994,November,11,0,134187,127474,6713,5.0
"Municipality of Anchorage",04,000020,1994,December,12,0,136541,130003,6538,4.8
"Municipality of Anchorage",04,000020,1994,Annual,00,0,133408,126020,7388,5.5
"Municipality of Anchorage",04,000020,1995,January,01,0,135636,128142,7494,5.5
"Municipality of Anchorage",04,000020,1995,February,02,0,132153,124748,7405,5.6
"Municipality of Anchorage",04,000020,1995,March,03,0,132737,125362,7375,5.6
"Municipality of Anchorage",04,000020,1995,April,04,0,132537,125207,7330,5.5
"Municipality of Anchorage",04,000020,1995,May,05,0,131745,124742,7003,5.3
"Municipality of Anchorage",04,000020,1995,June,06,0,131788,124757,7031,5.3
"Municipality of Anchorage",04,000020,1995,July,07,0,131836,125247,6589,5.0
"Municipality of Anchorage",04,000020,1995,August,08,0,130943,124709,6234,4.8
"Municipality of Anchorage",04,000020,1995,September,09,0,130852,124076,6776,5.2
"Municipality of Anchorage",04,000020,1995,October,10,0,134076,127202,6874,5.1
"Municipality of Anchorage",04,000020,1995,November,11,0,136202,129134,7068,5.2
"Municipality of Anchorage",04,000020,1995,December,12,0,137149,130190,6959,5.1
"Municipality of Anchorage",04,000020,1995,Annual,00,0,133138,126126,7012,5.3
"Municipality of Anchorage",04,000020,1996,January,01,0,136204,128139,8065,5.9
"Municipality of Anchorage",04,000020,1996,February,02,0,134230,126553,7677,5.7
"Municipality of Anchorage",04,000020,1996,March,03,0,134523,126661,7862,5.8
"Municipality of Anchorage",04,000020,1996,April,04,0,133470,126031,7439,5.6
"Municipality of Anchorage",04,000020,1996,May,05,0,132748,125716,7032,5.3
"Municipality of Anchorage",04,000020,1996,June,06,0,133915,126985,6930,5.2
"Municipality of Anchorage",04,000020,1996,July,07,0,133452,126763,6689,5.0
"Municipality of Anchorage",04,000020,1996,August,08,0,132348,126509,5839,4.4
"Municipality of Anchorage",04,000020,1996,September,09,0,132783,126275,6508,4.9
"Municipality of Anchorage",04,000020,1996,October,10,0,137020,130641,6379,4.7
"Municipality of Anchorage",04,000020,1996,November,11,0,138432,131342,7090,5.1
"Municipality of Anchorage",04,000020,1996,December,12,0,139434,132843,6591,4.7
"Municipality of Anchorage",04,000020,1996,Annual,00,0,134880,127872,7008,5.2
"Municipality of Anchorage",04,000020,1997,January,01,0,137497,129905,7592,5.5
"Municipality of Anchorage",04,000020,1997,February,02,0,136752,128808,7944,5.8
"Municipality of Anchorage",04,000020,1997,March,03,0,136668,128558,8110,5.9
"Municipality of Anchorage",04,000020,1997,April,04,0,135185,127844,7341,5.4
"Municipality of Anchorage",04,000020,1997,May,05,0,136494,129797,6697,4.9
"Municipality of Anchorage",04,000020,1997,June,06,0,136205,129183,7022,5.2
"Municipality of Anchorage",04,000020,1997,July,07,0,136229,129792,6437,4.7
"Municipality of Anchorage",04,000020,1997,August,08,0,135242,128985,6257,4.6
"Municipality of Anchorage",04,000020,1997,September,09,0,135539,128783,6756,5.0
"Municipality of Anchorage",04,000020,1997,October,10,0,137717,131259,6458,4.7
"Municipality of Anchorage",04,000020,1997,November,11,0,141008,134306,6702,4.8
"Municipality of Anchorage",04,000020,1997,December,12,0,142427,136135,6292,4.4
"Municipality of Anchorage",04,000020,1997,Annual,00,0,137247,130280,6967,5.1
"Municipality of Anchorage",04,000020,1998,January,01,0,141253,134420,6833,4.8
"Municipality of Anchorage",04,000020,1998,February,02,0,139404,132529,6875,4.9
"Municipality of Anchorage",04,000020,1998,March,03,0,140456,133299,7157,5.1
"Municipality of Anchorage",04,000020,1998,April,04,0,139264,132974,6290,4.5
"Municipality of Anchorage",04,000020,1998,May,05,0,140057,133856,6201,4.4
"Municipality of Anchorage",04,000020,1998,June,06,0,141028,134235,6793,4.8
"Municipality of Anchorage",04,000020,1998,July,07,0,139227,133241,5986,4.3
"Municipality of Anchorage",04,000020,1998,August,08,0,137884,132345,5539,4.0
"Municipality of Anchorage",04,000020,1998,September,09,0,138517,132437,6080,4.4
"Municipality of Anchorage",04,000020,1998,October,10,0,141620,135603,6017,4.2
"Municipality of Anchorage",04,000020,1998,November,11,0,143590,137473,6117,4.3
"Municipality of Anchorage",04,000020,1998,December,12,0,144223,138392,5831,4.0
"Municipality of Anchorage",04,000020,1998,Annual,00,0,140544,134234,6310,4.5
"Municipality of Anchorage",04,000020,1999,January,01,0,143424,136609,6815,4.8
"Municipality of Anchorage",04,000020,1999,February,02,0,142505,135049,7456,5.2
"Municipality of Anchorage",04,000020,1999,March,03,0,142181,135086,7095,5.0
"Municipality of Anchorage",04,000020,1999,April,04,0,140494,133692,6802,4.8
"Municipality of Anchorage",04,000020,1999,May,05,0,140810,134250,6560,4.7
"Municipality of Anchorage",04,000020,1999,June,06,0,142149,135497,6652,4.7
"Municipality of Anchorage",04,000020,1999,July,07,0,141455,135215,6240,4.4
"Municipality of Anchorage",04,000020,1999,August,08,0,139781,134097,5684,4.1
"Municipality of Anchorage",04,000020,1999,September,09,0,139923,134037,5886,4.2
"Municipality of Anchorage",04,000020,1999,October,10,0,142814,136743,6071,4.3
"Municipality of Anchorage",04,000020,1999,November,11,0,145611,139218,6393,4.4
"Municipality of Anchorage",04,000020,1999,December,12,0,146879,140732,6147,4.2
"Municipality of Anchorage",04,000020,1999,Annual,00,0,142335,135852,6483,4.6
"Municipality of Anchorage",04,000020,2000,January,01,0,142242,134728,7514,5.3
"Municipality of Anchorage",04,000020,2000,February,02,0,141508,133670,7838,5.5
"Municipality of Anchorage",04,000020,2000,March,03,0,141985,134056,7929,5.6
"Municipality of Anchorage",04,000020,2000,April,04,0,140653,133343,7310,5.2
"Municipality of Anchorage",04,000020,2000,May,05,0,140833,133470,7363,5.2
"Municipality of Anchorage",04,000020,2000,June,06,0,141466,133895,7571,5.4
"Municipality of Anchorage",04,000020,2000,July,07,0,138775,132301,6474,4.7
"Municipality of Anchorage",04,000020,2000,August,08,0,137368,130937,6431,4.7
"Municipality of Anchorage",04,000020,2000,September,09,0,137706,131200,6506,4.7
"Municipality of Anchorage",04,000020,2000,October,10,0,140859,134456,6403,4.5
"Municipality of Anchorage",04,000020,2000,November,11,0,142028,135093,6935,4.9
"Municipality of Anchorage",04,000020,2000,December,12,0,143572,136780,6792,4.7
"Municipality of Anchorage",04,000020,2000,Annual,00,0,140750,133661,7089,5.0
"Municipality of Anchorage",04,000020,2001,January,01,0,143429,135710,7719,5.4
"Municipality of Anchorage",04,000020,2001,February,02,0,141224,133718,7506,5.3
"Municipality of Anchorage",04,000020,2001,March,03,0,141929,134262,7667,5.4
"Municipality of Anchorage",04,000020,2001,April,04,0,141644,134560,7084,5.0
"Municipality of Anchorage",04,000020,2001,May,05,0,141537,134888,6649,4.7
"Municipality of Anchorage",04,000020,2001,June,06,0,143246,136210,7036,4.9
"Municipality of Anchorage",04,000020,2001,July,07,0,140121,133783,6338,4.5
"Municipality of Anchorage",04,000020,2001,August,08,0,138845,132511,6334,4.6
"Municipality of Anchorage",04,000020,2001,September,09,0,139989,133548,6441,4.6
"Municipality of Anchorage",04,000020,2001,October,10,0,143355,136579,6776,4.7
"Municipality of Anchorage",04,000020,2001,November,11,0,144754,137587,7167,5.0
"Municipality of Anchorage",04,000020,2001,December,12,0,145118,137841,7277,5.0
"Municipality of Anchorage",04,000020,2001,Annual,00,0,142100,135100,7000,4.9
"Municipality of Anchorage",04,000020,2002,January,01,0,143572,135214,8358,5.8
"Municipality of Anchorage",04,000020,2002,February,02,0,143700,135188,8512,5.9
"Municipality of Anchorage",04,000020,2002,March,03,0,143579,134624,8955,6.2
"Municipality of Anchorage",04,000020,2002,April,04,0,142291,133645,8646,6.1
"Municipality of Anchorage",04,000020,2002,May,05,0,142797,134832,7965,5.6
"Municipality of Anchorage",04,000020,2002,June,06,0,146424,137711,8713,6.0
"Municipality of Anchorage",04,000020,2002,July,07,0,142495,134705,7790,5.5
"Municipality of Anchorage",04,000020,2002,August,08,0,141704,134072,7632,5.4
"Municipality of Anchorage",04,000020,2002,September,09,0,143505,135703,7802,5.4
"Municipality of Anchorage",04,000020,2002,October,10,0,145839,138246,7593,5.2
"Municipality of Anchorage",04,000020,2002,November,11,0,147203,138782,8421,5.7
"Municipality of Anchorage",04,000020,2002,December,12,0,147350,138580,8770,6.0
"Municipality of Anchorage",04,000020,2002,Annual,00,0,144205,135942,8263,5.7
"Municipality of Anchorage",04,000020,2003,January,01,0,147227,137874,9353,6.4
"Municipality of Anchorage",04,000020,2003,February,02,0,146072,136326,9746,6.7
"Municipality of Anchorage",04,000020,2003,March,03,0,144852,135349,9503,6.6
"Municipality of Anchorage",04,000020,2003,April,04,0,145035,135681,9354,6.4
"Municipality of Anchorage",04,000020,2003,May,05,0,145130,136012,9118,6.3
"Municipality of Anchorage",04,000020,2003,June,06,0,147061,137057,10004,6.8
"Municipality of Anchorage",04,000020,2003,July,07,0,143212,134491,8721,6.1
"Municipality of Anchorage",04,000020,2003,August,08,0,142155,133798,8357,5.9
"Municipality of Anchorage",04,000020,2003,September,09,0,144142,135607,8535,5.9
"Municipality of Anchorage",04,000020,2003,October,10,0,147010,138758,8252,5.6
"Municipality of Anchorage",04,000020,2003,November,11,0,148768,139756,9012,6.1
"Municipality of Anchorage",04,000020,2003,December,12,0,149447,140759,8688,5.8
"Municipality of Anchorage",04,000020,2003,Annual,00,0,145843,136789,9054,6.2
"Municipality of Anchorage",04,000020,2004,January,01,0,146283,136894,9389,6.4
"Municipality of Anchorage",04,000020,2004,February,02,0,145620,136136,9484,6.5
"Municipality of Anchorage",04,000020,2004,March,03,0,145958,136281,9677,6.6
"Municipality of Anchorage",04,000020,2004,April,04,0,144983,135967,9016,6.2
"Municipality of Anchorage",04,000020,2004,May,05,0,145039,136276,8763,6.0
"Municipality of Anchorage",04,000020,2004,June,06,0,146267,137011,9256,6.3
"Municipality of Anchorage",04,000020,2004,July,07,0,144839,136757,8082,5.6
"Municipality of Anchorage",04,000020,2004,August,08,0,143462,135813,7649,5.3
"Municipality of Anchorage",04,000020,2004,September,09,0,145211,137195,8016,5.5
"Municipality of Anchorage",04,000020,2004,October,10,0,148965,141022,7943,5.3
"Municipality of Anchorage",04,000020,2004,November,11,0,151106,142604,8502,5.6
"Municipality of Anchorage",04,000020,2004,December,12,0,151500,143166,8334,5.5
"Municipality of Anchorage",04,000020,2004,Annual,00,0,146603,137927,8676,5.9
"Municipality of Anchorage",04,000020,2005,January,01,0,147898,139121,8777,5.9
"Municipality of Anchorage",04,000020,2005,February,02,0,148281,139041,9240,6.2
"Municipality of Anchorage",04,000020,2005,March,03,0,147834,139110,8724,5.9
"Municipality of Anchorage",04,000020,2005,April,04,0,147986,139674,8312,5.6
"Municipality of Anchorage",04,000020,2005,May,05,0,147445,139401,8044,5.5
"Municipality of Anchorage",04,000020,2005,June,06,0,148652,140242,8410,5.7
"Municipality of Anchorage",04,000020,2005,July,07,0,147057,139391,7666,5.2
"Municipality of Anchorage",04,000020,2005,August,08,0,145388,138251,7137,4.9
"Municipality of Anchorage",04,000020,2005,September,09,0,148405,140468,7937,5.3
"Municipality of Anchorage",04,000020,2005,October,10,0,151336,143574,7762,5.1
"Municipality of Anchorage",04,000020,2005,November,11,0,152494,143932,8562,5.6
"Municipality of Anchorage",04,000020,2005,December,12,0,153297,145064,8233,5.4
"Municipality of Anchorage",04,000020,2005,Annual,00,0,148840,140606,8234,5.5
"Municipality of Anchorage",04,000020,2006,January,01,0,150115,141435,8680,5.8
"Municipality of Anchorage",04,000020,2006,February,02,0,150582,141469,9113,6.1
"Municipality of Anchorage",04,000020,2006,March,03,0,150194,141649,8545,5.7
"Municipality of Anchorage",04,000020,2006,April,04,0,149722,141253,8469,5.7
"Municipality of Anchorage",04,000020,2006,May,05,0,151030,142846,8184,5.4
"Municipality of Anchorage",04,000020,2006,June,06,0,151712,143548,8164,5.4
"Municipality of Anchorage",04,000020,2006,July,07,0,149788,142075,7713,5.1
"Municipality of Anchorage",04,000020,2006,August,08,0,148644,141423,7221,4.9
"Municipality of Anchorage",04,000020,2006,September,09,0,149866,142188,7678,5.1
"Municipality of Anchorage",04,000020,2006,October,10,0,152911,145743,7168,4.7
"Municipality of Anchorage",04,000020,2006,November,11,0,154172,146533,7639,5.0
"Municipality of Anchorage",04,000020,2006,December,12,0,154829,147094,7735,5.0
"Municipality of Anchorage",04,000020,2006,Annual,00,0,151131,143105,8026,5.3
"Municipality of Anchorage",04,000020,2007,January,01,0,151412,143228,8184,5.4
"Municipality of Anchorage",04,000020,2007,February,02,0,150212,141998,8214,5.5
"Municipality of Anchorage",04,000020,2007,March,03,0,150659,142806,7853,5.2
"Municipality of Anchorage",04,000020,2007,April,04,0,149402,141725,7677,5.1
"Municipality of Anchorage",04,000020,2007,May,05,0,149159,141748,7411,5.0
"Municipality of Anchorage",04,000020,2007,June,06,0,150975,143054,7921,5.2
"Municipality of Anchorage",04,000020,2007,July,07,0,150608,143407,7201,4.8
"Municipality of Anchorage",04,000020,2007,August,08,0,147463,140509,6954,4.7
"Municipality of Anchorage",04,000020,2007,September,09,0,149091,141601,7490,5.0
"Municipality of Anchorage",04,000020,2007,October,10,0,152228,145153,7075,4.6
"Municipality of Anchorage",04,000020,2007,November,11,0,154111,146499,7612,4.9
"Municipality of Anchorage",04,000020,2007,December,12,0,154752,146962,7790,5.0
"Municipality of Anchorage",04,000020,2007,Annual,00,0,150839,143224,7615,5.0
"Municipality of Anchorage",04,000020,2008,January,01,0,151272,143152,8120,5.4
"Municipality of Anchorage",04,000020,2008,February,02,0,150796,142626,8170,5.4
"Municipality of Anchorage",04,000020,2008,March,03,0,151265,143057,8208,5.4
"Municipality of Anchorage",04,000020,2008,April,04,0,151478,143731,7747,5.1
"Municipality of Anchorage",04,000020,2008,May,05,0,150990,142858,8132,5.4
"Municipality of Anchorage",04,000020,2008,June,06,0,151473,143105,8368,5.5
"Municipality of Anchorage",04,000020,2008,July,07,0,149714,142006,7708,5.1
"Municipality of Anchorage",04,000020,2008,August,08,0,149370,141879,7491,5.0
"Municipality of Anchorage",04,000020,2008,September,09,0,150478,142861,7617,5.1
"Municipality of Anchorage",04,000020,2008,October,10,0,154236,146550,7686,5.0
"Municipality of Anchorage",04,000020,2008,November,11,0,155000,146922,8078,5.2
"Municipality of Anchorage",04,000020,2008,December,12,0,156008,147726,8282,5.3
"Municipality of Anchorage",04,000020,2008,Annual,00,0,151840,143873,7967,5.2
"Municipality of Anchorage",04,000020,2009,January,01,0,153718,144014,9704,6.3
"Municipality of Anchorage",04,000020,2009,February,02,0,153703,143450,10253,6.7
"Municipality of Anchorage",04,000020,2009,March,03,0,153565,143094,10471,6.8
"Municipality of Anchorage",04,000020,2009,April,04,0,153524,143491,10033,6.5
"Municipality of Anchorage",04,000020,2009,May,05,0,153732,143291,10441,6.8
"Municipality of Anchorage",04,000020,2009,June,06,0,153555,142415,11140,7.3
"Municipality of Anchorage",04,000020,2009,July,07,0,151349,141170,10179,6.7
"Municipality of Anchorage",04,000020,2009,August,08,0,150890,141148,9742,6.5
"Municipality of Anchorage",04,000020,2009,September,09,0,152469,142053,10416,6.8
"Municipality of Anchorage",04,000020,2009,October,10,0,155262,144614,10648,6.9
"Municipality of Anchorage",04,000020,2009,November,11,0,156519,145999,10520,6.7
"Municipality of Anchorage",04,000020,2009,December,12,0,155578,145317,10261,6.6
"Municipality of Anchorage",04,000020,2009,Annual,00,0,153655,143338,10317,6.7
"Municipality of Anchorage",04,000020,2010,January,01,0,157212,145637,11575,7.4
"Municipality of Anchorage",04,000020,2010,February,02,0,156378,144314,12064,7.7
"Municipality of Anchorage",04,000020,2010,March,03,0,156467,144354,12113,7.7
"Municipality of Anchorage",04,000020,2010,April,04,0,157204,146015,11189,7.1
"Municipality of Anchorage",04,000020,2010,May,05,0,156860,146078,10782,6.9
"Municipality of Anchorage",04,000020,2010,June,06,0,157840,147016,10824,6.9
"Municipality of Anchorage",04,000020,2010,July,07,0,158445,148420,10025,6.3
"Municipality of Anchorage",04,000020,2010,August,08,0,156453,146730,9723,6.2
"Municipality of Anchorage",04,000020,2010,September,09,0,156807,146841,9966,6.4
"Municipality of Anchorage",04,000020,2010,October,10,0,158921,149014,9907,6.2
"Municipality of Anchorage",04,000020,2010,November,11,0,159887,149341,10546,6.6
"Municipality of Anchorage",04,000020,2010,December,12,0,160449,150160,10289,6.4
"Municipality of Anchorage",04,000020,2010,Annual,00,1,157743,146993,10750,6.8
"Municipality of Anchorage",04,000020,2011,January,01,0,158023,147220,10803,6.8
"Municipality of Anchorage",04,000020,2011,February,02,0,157260,146548,10712,6.8
"Municipality of Anchorage",04,000020,2011,March,03,0,157042,146570,10472,6.7
"Municipality of Anchorage",04,000020,2011,April,04,0,156465,146687,9778,6.2
"Municipality of Anchorage",04,000020,2011,May,05,0,158013,148361,9652,6.1
"Municipality of Anchorage",04,000020,2011,June,06,0,158927,148751,10176,6.4
"Municipality of Anchorage",04,000020,2011,July,07,0,157525,148268,9257,5.9
"Municipality of Anchorage",04,000020,2011,August,08,0,156542,147701,8841,5.6
"Municipality of Anchorage",04,000020,2011,September,09,0,157539,148501,9038,5.7
"Municipality of Anchorage",04,000020,2011,October,10,0,159899,150989,8910,5.6
"Municipality of Anchorage",04,000020,2011,November,11,0,161475,152418,9057,5.6
"Municipality of Anchorage",04,000020,2011,December,12,0,161872,152757,9115,5.6
"Municipality of Anchorage",04,000020,2011,Annual,00,1,158382,148731,9651,6.1
"Municipality of Anchorage",04,000020,2012,January,01,0,157263,147808,9455,6.0
"Municipality of Anchorage",04,000020,2012,February,02,0,157394,147802,9592,6.1
"Municipality of Anchorage",04,000020,2012,March,03,0,157449,148071,9378,6.0
"Municipality of Anchorage",04,000020,2012,April,04,0,156526,147822,8704,5.6
"Municipality of Anchorage",04,000020,2012,May,05,0,157473,148743,8730,5.5
"Municipality of Anchorage",04,000020,2012,June,06,0,158230,149042,9188,5.8
"Municipality of Anchorage",04,000020,2012,July,07,0,157175,148635,8540,5.4
"Municipality of Anchorage",04,000020,2012,August,08,0,155725,147984,7741,5.0
"Municipality of Anchorage",04,000020,2012,September,09,0,156223,148707,7516,4.8
"Municipality of Anchorage",04,000020,2012,October,10,0,159251,151668,7583,4.8
"Municipality of Anchorage",04,000020,2012,November,11,0,159625,151613,8012,5.0
"Municipality of Anchorage",04,000020,2012,December,12,0,160645,152230,8415,5.2
"Municipality of Anchorage",04,000020,2012,Annual,00,1,157748,149177,8571,5.4
"Municipality of Anchorage",04,000020,2013,January,01,0,158086,148824,9262,5.9
"Municipality of Anchorage",04,000020,2013,February,02,0,157686,148810,8876,5.6
"Municipality of Anchorage",04,000020,2013,March,03,0,156396,147926,8470,5.4
"Municipality of Anchorage",04,000020,2013,April,04,0,156298,148091,8207,5.3
"Municipality of Anchorage",04,000020,2013,May,05,0,158022,149763,8259,5.2
"Municipality of Anchorage",04,000020,2013,June,06,0,158633,149738,8895,5.6
"Municipality of Anchorage",04,000020,2013,July,07,0,157081,149072,8009,5.1
"Municipality of Anchorage",04,000020,2013,August,08,0,155296,147796,7500,4.8
"Municipality of Anchorage",04,000020,2013,September,09,0,156401,148903,7498,4.8
"Municipality of Anchorage",04,000020,2013,October,10,0,157762,149848,7914,5.0
"Municipality of Anchorage",04,000020,2013,November,11,0,160092,152100,7992,5.0
"Municipality of Anchorage",04,000020,2013,December,12,0,159893,152202,7691,4.8
"Municipality of Anchorage",04,000020,2013,Annual,00,1,157637,149423,8214,5.2
"Municipality of Anchorage",04,000020,2014,January,01,0,157334,148791,8543,5.4
"Municipality of Anchorage",04,000020,2014,February,02,0,157093,148042,9051,5.8
"Municipality of Anchorage",04,000020,2014,March,03,0,157943,149047,8896,5.6
"Municipality of Anchorage",04,000020,2014,April,04,0,155971,148017,7954,5.1
"Municipality of Anchorage",04,000020,2014,May,05,0,158435,150315,8120,5.1
"Municipality of Anchorage",04,000020,2014,June,06,0,158409,149770,8639,5.5
"Municipality of Anchorage",04,000020,2014,July,07,0,157245,149185,8060,5.1
"Municipality of Anchorage",04,000020,2014,August,08,0,154946,147169,7777,5.0
"Municipality of Anchorage",04,000020,2014,September,09,0,156437,148924,7513,4.8
"Municipality of Anchorage",04,000020,2014,October,10,0,158670,151493,7177,4.5
"Municipality of Anchorage",04,000020,2014,November,11,0,159958,152254,7704,4.8
"Municipality of Anchorage",04,000020,2014,December,12,0,159357,152082,7275,4.6
"Municipality of Anchorage",04,000020,2014,Annual,00,1,157650,149591,8059,5.1
"Municipality of Anchorage",04,000020,2015,January,01,0,157010,148932,8078,5.1
"Municipality of Anchorage",04,000020,2015,February,02,0,155858,147706,8152,5.2
"Municipality of Anchorage",04,000020,2015,March,03,0,156397,148394,8003,5.1
"Municipality of Anchorage",04,000020,2015,April,04,0,155476,147877,7599,4.9
"Municipality of Anchorage",04,000020,2015,May,05,0,157394,149722,7672,4.9
"Municipality of Anchorage",04,000020,2015,June,06,0,156477,148411,8066,5.2
"Municipality of Anchorage",04,000020,2015,July,07,0,155942,148777,7165,4.6
"Municipality of Anchorage",04,000020,2015,August,08,0,153877,147185,6692,4.3
"Municipality of Anchorage",04,000020,2015,September,09,0,154664,147651,7013,4.5
"Municipality of Anchorage",04,000020,2015,October,10,0,156721,149411,7310,4.7
"Municipality of Anchorage",04,000020,2015,November,11,0,158791,150968,7823,4.9
"Municipality of Anchorage",04,000020,2015,December,12,0,159097,151235,7862,4.9
"Municipality of Anchorage",04,000020,2015,Annual,00,1,156476,148856,7620,4.9
"Municipality of Anchorage",04,000020,2016,January,01,0,155690,147533,8157,5.2
"Municipality of Anchorage",04,000020,2016,February,02,0,155445,146866,8579,5.5
"Municipality of Anchorage",04,000020,2016,March,03,0,155457,146989,8468,5.4
"Municipality of Anchorage",04,000020,2016,April,04,0,154973,146801,8172,5.3
"Municipality of Anchorage",04,000020,2016,May,05,0,155307,147300,8007,5.2
"Municipality of Anchorage",04,000020,2016,June,06,0,155811,147225,8586,5.5
"Municipality of Anchorage",04,000020,2016,July,07,0,155170,147152,8018,5.2
"Municipality of Anchorage",04,000020,2016,August,08,0,153120,145491,7629,5.0
"Municipality of Anchorage",04,000020,2016,September,09,0,154555,146242,8313,5.4
"Municipality of Anchorage",04,000020,2016,October,10,0,155059,147032,8027,5.2
"Municipality of Anchorage",04,000020,2016,November,11,0,157496,149218,8278,5.3
"Municipality of Anchorage",04,000020,2016,December,12,0,157565,149194,8371,5.3
"Municipality of Anchorage",04,000020,2016,Annual,00,1,155471,147254,8217,5.3
"Municipality of Anchorage",04,000020,2017,January,01,0,155003,145944,9059,5.8
"Municipality of Anchorage",04,000020,2017,February,02,0,154506,145342,9164,5.9
"Municipality of Anchorage",04,000020,2017,March,03,0,153500,144699,8801,5.7
"Municipality of Anchorage",04,000020,2017,April,04,0,153455,145091,8364,5.5
"Municipality of Anchorage",04,000020,2017,May,05,0,153928,145618,8310,5.4
"Municipality of Anchorage",04,000020,2017,June,06,0,154707,146038,8669,5.6
"Municipality of Anchorage",04,000020,2017,July,07,0,154096,145947,8149,5.3
"Municipality of Anchorage",04,000020,2017,August,08,0,151337,143436,7901,5.2
"Municipality of Anchorage",04,000020,2017,September,09,0,152079,144068,8011,5.3
"Municipality of Anchorage",04,000020,2017,October,10,0,153427,145725,7702,5.0
"Municipality of Anchorage",04,000020,2017,November,11,0,155120,147006,8114,5.2
"Municipality of Anchorage",04,000020,2017,December,12,0,154125,145956,8169,5.3
"Municipality of Anchorage",04,000020,2017,Annual,00,1,153774,145406,8368,5.4
"Municipality of Anchorage",04,000020,2018,January,01,0,152162,143460,8702,5.7
"Municipality of Anchorage",04,000020,2018,February,02,0,151524,142736,8788,5.8
"Municipality of Anchorage",04,000020,2018,March,03,0,151018,142733,8285,5.5
"Municipality of Anchorage",04,000020,2018,April,04,0,150087,142229,7858,5.2
"Municipality of Anchorage",04,000020,2018,May,05,0,151497,144184,7313,4.8
"Municipality of Anchorage",04,000020,2018,June,06,0,150772,142814,7958,5.3
"Municipality of Anchorage",04,000020,2018,July,07,0,149757,142675,7082,4.7
"Municipality of Anchorage",04,000020,2018,August,08,0,147235,140539,6696,4.5
"Municipality of Anchorage",04,000020,2018,September,09,0,148952,142141,6811,4.6
"Municipality of Anchorage",04,000020,2018,October,10,0,151593,144561,7032,4.6
"Municipality of Anchorage",04,000020,2018,November,11,0,152431,145294,7137,4.7
"Municipality of Anchorage",04,000020,2018,December,12,0,151949,144458,7491,4.9
"Municipality of Anchorage",04,000020,2018,Annual,00,1,150748,143152,7596,5.0
"Municipality of Anchorage",04,000020,2019,January,01,0,149025,140800,8225,5.5
"Municipality of Anchorage",04,000020,2019,February,02,0,148617,140958,7659,5.2
"Municipality of Anchorage",04,000020,2019,March,03,0,148384,140710,7674,5.2
"Municipality of Anchorage",04,000020,2019,April,04,0,146912,140255,6657,4.5
"Municipality of Anchorage",04,000020,2019,May,05,0,148157,141258,6899,4.7
"Municipality of Anchorage",04,000020,2019,June,06,0,148296,141062,7234,4.9
"Municipality of Anchorage",04,000020,2019,July,07,0,147101,140406,6695,4.6
"Municipality of Anchorage",04,000020,2019,August,08,0,145364,139093,6271,4.3
"Municipality of Anchorage",04,000020,2019,September,09,0,146731,140571,6160,4.2
"Municipality of Anchorage",04,000020,2019,October,10,0,149102,143058,6044,4.1
"Municipality of Anchorage",04,000020,2019,November,11,0,150688,144283,6405,4.3
"Municipality of Anchorage",04,000020,2019,December,12,0,150628,144296,6332,4.2
"Municipality of Anchorage",04,000020,2019,Annual,00,1,148251,141396,6855,4.6
"Municipality of Anchorage",04,000020,2020,January,01,0,148752,141889,6863,4.6
"Municipality of Anchorage",04,000020,2020,February,02,0,147860,141487,6373,4.3
"Municipality of Anchorage",04,000020,2020,March,03,0,147346,138979,8367,5.7
"Municipality of Anchorage",04,000020,2020,April,04,0,141686,124731,16955,12.0
"Municipality of Anchorage",04,000020,2020,May,05,0,146053,128669,17384,11.9
"Municipality of Anchorage",04,000020,2020,June,06,0,148113,131889,16224,11.0
"Municipality of Anchorage",04,000020,2020,July,07,0,148599,133268,15331,10.3
"Municipality of Anchorage",04,000020,2020,August,08,0,146160,135128,11032,7.5
"Municipality of Anchorage",04,000020,2020,September,09,0,145906,135034,10872,7.5
"Municipality of Anchorage",04,000020,2020,October,10,0,147564,137610,9954,6.7
"Municipality of Anchorage",04,000020,2020,November,11,0,148101,137926,10175,6.9
"Municipality of Anchorage",04,000020,2020,December,12,0,148606,138486,10120,6.8
"Municipality of Anchorage",04,000020,2020,Annual,00,1,147063,135425,11638,7.9
"Municipality of Anchorage",04,000020,2021,January,01,0,148013,137884,10129,6.8
"Municipality of Anchorage",04,000020,2021,February,02,0,147930,137322,10608,7.2
"Municipality of Anchorage",04,000020,2021,March,03,0,148024,137477,10547,7.1
"Municipality of Anchorage",04,000020,2021,April,04,0,148653,138216,10437,7.0
"Municipality of Anchorage",04,000020,2021,May,05,0,149477,139935,9542,6.4
"Municipality of Anchorage",04,000020,2021,June,06,0,149207,139386,9821,6.6
"Municipality of Anchorage",04,000020,2021,July,07,0,147800,139341,8459,5.7
"Municipality of Anchorage",04,000020,2021,August,08,0,147169,139900,7269,4.9
"Municipality of Anchorage",04,000020,2021,September,09,0,148436,141265,7171,4.8
"Municipality of Anchorage",04,000020,2021,October,10,0,150853,143828,7025,4.7
"Municipality of Anchorage",04,000020,2021,November,11,0,152797,145684,7113,4.7
"Municipality of Anchorage",04,000020,2021,December,12,0,152799,146060,6739,4.4
"Municipality of Anchorage",04,000020,2021,Annual,00,1,149263,140525,8738,5.9
"Municipality of Anchorage",04,000020,2022,January,01,0,151078,143698,7380,4.9
"Municipality of Anchorage",04,000020,2022,February,02,0,150554,143840,6714,4.5
"Municipality of Anchorage",04,000020,2022,March,03,0,150071,144155,5916,3.9
"Municipality of Anchorage",04,000020,2022,April,04,0,148803,143289,5514,3.7
"Municipality of Anchorage",04,000020,2022,May,05,0,151224,145977,5247,3.5
"Municipality of Anchorage",04,000020,2022,June,06,0,148833,143285,5548,3.7
"Municipality of Anchorage",04,000020,2022,July,07,0,146901,142204,4697,3.2
"Municipality of Anchorage",04,000020,2022,August,08,0,147290,143280,4010,2.7
"Municipality of Anchorage",04,000020,2022,September,09,0,148867,144769,4098,2.8
"Municipality of Anchorage",04,000020,2022,October,10,0,151121,146680,4441,2.9
"Municipality of Anchorage",04,000020,2022,November,11,0,151509,146742,4767,3.1
"Municipality of Anchorage",04,000020,2022,December,12,0,151742,147237,4505,3.0
"Municipality of Anchorage",04,000020,2022,Annual,00,1,149832,144596,5236,3.5
"Municipality of Anchorage",04,000020,2023,January,01,0,150349,145136,5213,3.5
"Municipality of Anchorage",04,000020,2023,February,02,0,149899,144609,5290,3.5
"Municipality of Anchorage",04,000020,2023,March,03,0,150039,145116,4923,3.3
"Municipality of Anchorage",04,000020,2023,April,04,0,149776,145024,4752,3.2
"Municipality of Anchorage",04,000020,2023,May,05,0,151186,146198,4988,3.3
"Municipality of Anchorage",04,000020,2023,June,06,0,149755,144155,5600,3.7
"Municipality of Anchorage",04,000020,2023,July,07,0,149030,144191,4839,3.2
"Municipality of Anchorage",04,000020,2023,August,08,0,148862,143973,4889,3.3
"Municipality of Anchorage",04,000020,2023,September,09,0,150805,145561,5244,3.5
"Municipality of Anchorage",04,000020,2023,October,10,0,152481,147189,5292,3.5
"Municipality of Anchorage",04,000020,2023,November,11,0,154434,148998,5436,3.5
"Municipality of Anchorage",04,000020,2023,December,12,0,153262,147696,5566,3.6
"Municipality of Anchorage",04,000020,2023,Annual,00,1,150823,145654,5169,3.4
"Municipality of Anchorage",04,000020,2024,January,01,0,151979,145792,6187,4.1
"Municipality of Anchorage",04,000020,2024,February,02,0,151688,145065,6623,4.4
"Municipality of Anchorage",04,000020,2024,March,03,0,151962,146247,5715,3.8
"Municipality of Anchorage",04,000020,2024,April,04,0,151402,145755,5647,3.7
"Municipality of Anchorage",04,000020,2024,May,05,0,151744,146297,5447,3.6
"Municipality of Anchorage",04,000020,2024,June,06,0,150774,144456,6318,4.2
"Municipality of Anchorage",04,000020,2024,July,07,0,151119,145523,5596,3.7
"Municipality of Anchorage",04,000020,2024,August,08,0,151168,145990,5178,3.4
"Municipality of Anchorage",04,000020,2024,September,09,0,152028,146923,5105,3.4
"Municipality of Anchorage",04,000020,2024,October,10,0,152787,147255,5532,3.6
"Municipality of Anchorage",04,000020,2024,November,11,0,154515,148555,5960,3.9
"Municipality of Anchorage",04,000020,2024,December,12,1,154066,148423,5643,3.7
"Municipality of Anchorage",04,000020,2023,Annual,00,1,150823,145654,5169,3.4
