SOC,"Occupation Title",Mean,10th,25th,Median,75th,90th
"132011    ","Accountants and Auditors",39.65,25.30,30.32,37.78,44.75,54.02
"291291    ",Acupuncturists,36.19,15.20,23.34,38.23,39.22,69.10
"113012    ","Administrative Services Managers",53.23,31.17,36.45,46.15,63.41,83.55
"253011    ","Adult Basic Education, Adult Secondary Education, and English as a Second Language Instructors",29.10,19.21,24.31,27.29,34.79,44.34
"413011    ","Advertising Sales Agents",36.36,18.15,24.55,37.04,44.95,50.67
"172011    ","Aerospace Engineers",48.25,38.93,40.46,45.88,50.61,62.96
"532021    ","Air Traffic Controllers",58.89,38.26,43.22,57.71,75.63,83.35
"531041    ","Aircraft Cargo Handling Supervisors",30.16,23.06,24.19,25.04,35.37,40.88
"493011    ","Aircraft Mechanics and Service Technicians",38.86,28.06,35.32,38.59,42.91,49.55
"536032    ","Aircraft Service Attendants",20.27,14.29,18.54,19.74,23.30,26.51
"532022    ","Airfield Operations Specialists",30.16,16.50,21.89,24.91,37.98,45.82
"532011    ","Airline Pilots, Copilots, and Flight Engineers",*,*,*,*,*,*
"000000    ","All Occupations",33.60,15.00,18.62,26.99,40.52,58.35
"393091    ","Amusement and Recreation Attendants",17.68,11.90,13.28,16.42,20.95,26.03
"392021    ","Animal Caretakers",17.60,12.88,13.53,16.33,21.46,23.13
"392011    ","Animal Trainers",17.15,13.77,13.90,13.90,21.88,26.79
"193091    ","Anthropologists and Archeologists",40.54,26.94,30.95,39.94,48.68,55.00
"251061    ","Anthropology and Archeology Teachers, Postsecondary",90530.00,65550.00,81850.00,99070.00,100140.00,103330.00
"171011    ","Architects, Except Landscape and Naval",53.44,39.15,46.90,51.34,60.42,65.83
"173011    ","Architectural and Civil Drafters",41.54,29.26,35.65,39.62,48.54,55.40
"119041    ","Architectural and Engineering Managers",76.33,50.90,62.14,70.37,86.90,215740.00
"170000    ","Architecture and Engineering Occupations",50.99,29.52,37.45,47.78,61.37,77.88
"251062    ","Area, Ethnic, and Cultural Studies Teachers, Postsecondary",90980.00,54190.00,79460.00,80490.00,104050.00,127080.00
"271011    ","Art Directors",31.78,17.69,24.03,28.58,34.90,51.15
"251121    ","Art, Drama, and Music Teachers, Postsecondary",76210.00,33560.00,40620.00,79070.00,100450.00,125150.00
"271019    ","Artists and Related Workers, All Other",26.36,18.40,20.42,21.65,29.52,38.69
"270000    ","Arts, Design, Entertainment, Sports, and Media Occupations",27.42,15.99,18.41,23.71,34.41,43.61
"299091    ","Athletic Trainers",70580.00,54330.00,60390.00,74570.00,77480.00,78830.00
"192021    ","Atmospheric and Space Scientists",47.46,32.68,33.58,44.88,58.71,69.38
"251051    ","Atmospheric, Earth, Marine, and Space Sciences Teachers, Postsecondary",111530.00,61850.00,83340.00,113410.00,141010.00,141010.00
"274011    ","Audio and Video Technicians",26.15,17.95,20.98,21.69,31.56,40.16
"291181    ",Audiologists,47.21,35.56,36.15,49.83,51.65,57.92
"492097    ","Audiovisual Equipment Installers and Repairers",23.07,20.66,21.62,21.84,25.69,26.12
"536031    ","Automotive and Watercraft Service Attendants",19.34,14.25,15.39,17.38,20.89,29.02
"493021    ","Automotive Body and Related Repairers",29.23,19.34,23.81,29.85,35.77,36.41
"493022    ","Automotive Glass Installers and Repairers",23.69,18.81,19.32,23.52,27.75,28.81
"493023    ","Automotive Service Technicians and Mechanics",29.95,18.20,23.13,29.24,35.48,41.49
"492091    ","Avionics Technicians",32.05,17.89,30.43,30.43,38.47,42.01
"396011    ","Baggage Porters and Bellhops",15.49,10.85,12.13,16.23,18.19,19.35
"333011    ",Bailiffs,38.98,30.38,34.95,39.31,45.22,47.83
"513011    ",Bakers,16.50,10.87,12.61,14.62,20.65,22.38
"353011    ",Bartenders,14.56,10.99,11.08,13.38,14.41,18.18
"493091    ","Bicycle Repairers",17.38,11.41,15.33,15.63,20.35,22.72
"433011    ","Bill and Account Collectors",27.73,19.32,24.14,27.46,31.08,34.37
"433021    ","Billing and Posting Clerks",24.59,15.50,20.65,24.30,29.33,31.14
"251042    ","Biological Science Teachers, Postsecondary",99620.00,48720.00,66580.00,105780.00,134670.00,134670.00
"191029    ","Biological Scientists, All Other",44.37,29.77,37.14,44.88,50.87,58.35
"194021    ","Biological Technicians",26.14,18.79,20.42,22.77,29.31,38.61
"433031    ","Bookkeeping, Accounting, and Auditing Clerks",26.25,17.84,21.91,25.01,29.89,35.00
"273011    ","Broadcast Announcers and Radio Disc Jockeys",25.72,15.00,15.04,23.18,30.91,36.60
"274012    ","Broadcast Technicians",24.60,14.55,17.63,21.84,30.17,40.37
"434011    ","Brokerage Clerks",29.40,23.90,24.06,28.92,31.94,36.51
"132031    ","Budget Analysts",44.55,31.05,37.14,44.53,52.08,58.35
"370000    ","Building and Grounds Cleaning and Maintenance Occupations",19.48,14.03,15.75,17.87,21.40,27.47
"493031    ","Bus and Truck Mechanics and Diesel Engine Specialists",33.54,22.39,28.32,31.34,40.56,46.12
"533051    ","Bus Drivers, School",25.90,21.25,22.85,23.76,26.63,32.40
"533052    ","Bus Drivers, Transit and Intercity",32.24,21.28,31.86,32.17,37.36,38.51
"130000    ","Business and Financial Operations Occupations",41.82,24.43,30.15,38.22,49.21,61.71
"131199    ","Business Operations Specialists, All Other",43.04,26.99,33.41,41.19,50.87,59.52
"251011    ","Business Teachers, Postsecondary",144600.00,41780.00,84400.00,142460.00,178740.00,*
"513021    ","Butchers and Meat Cutters",23.22,15.40,18.37,22.60,26.15,31.86
"131020    ","Buyers and Purchasing Agents",38.99,23.96,28.63,36.38,47.88,58.35
"517011    ","Cabinetmakers and Bench Carpenters",23.26,17.25,18.69,23.45,28.50,29.04
"173028    ","Calibration Technologists and Technicians",*,*,*,*,*,*
"535021    ","Captains, Mates, and Pilots of Water Vessels",42.18,18.00,30.05,40.00,49.53,66.05
"292031    ","Cardiovascular Technologists and Technicians",42.06,22.73,23.36,47.28,59.14,62.13
"251194    ","Career/Technical Education Teachers, Postsecondary",33.15,22.18,25.49,32.07,40.85,48.22
"252032    ","Career/Technical Education Teachers, Secondary School",82330.00,64100.00,66020.00,81870.00,99940.00,107640.00
"435011    ","Cargo and Freight Agents",25.63,18.55,18.98,23.24,30.51,37.48
"472031    ",Carpenters,34.72,22.63,26.87,29.90,40.84,49.00
"472041    ","Carpet Installers",29.54,21.36,22.15,29.12,34.80,39.16
"171021    ","Cartographers and Photogrammetrists",41.67,30.87,32.90,39.06,49.37,53.86
"412011    ",Cashiers,17.04,14.04,14.81,16.93,17.63,21.36
"472051    ","Cement Masons and Concrete Finishers",37.84,20.84,23.26,35.42,50.50,51.60
"351011    ","Chefs and Head Cooks",31.59,21.02,22.41,28.97,41.10,45.66
"172041    ","Chemical Engineers",*,*,*,*,*,*
"194031    ","Chemical Technicians",29.72,18.50,22.95,26.75,37.37,37.79
"192031    ",Chemists,44.11,26.50,30.00,39.27,56.95,66.59
"111011    ","Chief Executives",93.74,31.82,51.60,75.30,225030.00,*
"211021    ","Child, Family, and School Social Workers",31.65,21.49,24.07,30.46,37.81,44.73
"399011    ","Childcare Workers",17.84,13.34,15.10,17.29,20.68,22.19
"291011    ",Chiropractors,64.43,27.82,40.12,59.71,81.82,86.53
"173022    ","Civil Engineering Technologists and Technicians",31.66,14.96,15.00,29.07,42.89,54.72
"172051    ","Civil Engineers",53.34,35.78,40.89,49.87,62.44,75.74
"131031    ","Claims Adjusters, Examiners, and Investigators",42.12,26.89,35.32,41.74,46.38,56.85
"537061    ","Cleaners of Vehicles and Equipment",16.90,15.14,15.95,16.33,17.15,19.35
"212011    ",Clergy,29.53,16.61,16.86,24.20,40.43,46.88
"193033    ","Clinical and Counseling Psychologists",52.55,37.63,41.60,49.77,55.82,68.13
"292010    ","Clinical Laboratory Technologists and Technicians",33.30,18.71,21.36,31.02,42.78,49.42
"272022    ","Coaches and Scouts",46510.00,27350.00,31110.00,38170.00,54820.00,82940.00
"519124    ","Coating, Painting, and Spraying Machine Setters, Operators, and Tenders",28.17,18.78,21.47,28.82,33.29,39.42
"499091    ","Coin, Vending, and Amusement Machine Servicers and Repairers",17.02,14.66,14.67,16.01,19.31,20.80
"499092    ","Commercial Divers",29.39,22.56,23.00,27.07,32.74,41.36
"532012    ","Commercial Pilots",136150.00,73640.00,75600.00,118540.00,153510.00,*
"251122    ","Communications Teachers, Postsecondary",100030.00,64880.00,82060.00,106960.00,107230.00,126220.00
"210000    ","Community and Social Service Occupations",30.94,18.45,22.40,28.91,37.08,46.06
"211099    ","Community and Social Service Specialists, All Other",27.64,14.90,19.77,23.75,29.40,44.90
"211094    ","Community Health Workers",28.48,17.69,19.95,22.72,30.18,39.02
"113111    ","Compensation and Benefits Managers",48.44,39.38,40.00,51.10,55.51,58.18
"131141    ","Compensation, Benefits, and Job Analysis Specialists",36.74,26.61,29.72,35.84,41.08,48.27
"131041    ","Compliance Officers",42.12,26.18,32.11,40.23,50.87,58.35
"113021    ","Computer and Information Systems Managers",65.87,40.67,50.75,64.23,78.35,94.28
"150000    ","Computer and Mathematical Occupations",44.70,25.85,31.81,42.98,53.20,64.79
"172061    ","Computer Hardware Engineers",63.42,48.66,50.45,64.29,70.10,80.37
"151241    ","Computer Network Architects",52.87,30.67,38.06,50.46,67.61,72.51
"151231    ","Computer Network Support Specialists",45.94,28.16,34.28,48.91,59.35,59.35
"519162    ","Computer Numerically Controlled Tool Programmers",55.08,51.56,51.69,58.60,58.73,58.73
"151299    ","Computer Occupations, All Other",50.22,32.21,42.29,51.08,57.96,65.47
"151251    ","Computer Programmers",45.91,29.00,36.52,45.64,53.60,61.92
"251021    ","Computer Science Teachers, Postsecondary",122300.00,81010.00,85210.00,108840.00,136280.00,168800.00
"151211    ","Computer Systems Analysts",42.41,24.34,29.41,41.69,52.63,61.11
"151232    ","Computer User Support Specialists",30.32,22.36,25.86,27.92,32.82,40.50
"492011    ","Computer, Automated Teller, and Office Machine Repairers",27.72,16.97,24.90,27.41,30.33,36.59
"396012    ",Concierges,15.98,13.04,13.08,17.02,18.72,18.72
"191031    ","Conservation Scientists",39.41,24.05,27.62,34.08,45.35,63.80
"474011    ","Construction and Building Inspectors",42.65,30.60,36.02,40.87,50.66,54.84
"470000    ","Construction and Extraction Occupations",35.89,20.69,25.47,33.35,44.43,53.37
"472061    ","Construction Laborers",26.78,17.08,21.31,24.02,29.69,36.42
"119021    ","Construction Managers",68.96,40.16,49.83,63.18,78.27,215910.00
"499012    ","Control and Valve Installers and Repairers, Except Mechanical Door",41.64,22.86,35.38,42.17,48.77,55.40
"352019    ","Cooks, All Other",21.14,17.51,18.17,18.61,22.46,32.20
"352011    ","Cooks, Fast Food",15.27,13.28,13.62,13.87,17.23,18.47
"352012    ","Cooks, Institution and Cafeteria",23.07,16.34,18.84,21.89,25.46,30.49
"352014    ","Cooks, Restaurant",19.20,14.53,16.79,17.87,20.88,22.97
"352015    ","Cooks, Short Order",20.04,14.13,17.04,18.25,21.99,29.32
"333012    ","Correctional Officers and Jailers",35.29,25.88,29.36,34.07,40.18,46.52
"131051    ","Cost Estimators",39.52,16.78,24.49,32.09,50.34,69.69
"211019    ","Counselors, All Other",24.25,17.67,17.67,22.79,23.67,39.35
"412021    ","Counter and Rental Clerks",19.12,14.57,16.08,17.67,20.62,25.62
"435021    ","Couriers and Messengers",20.59,17.28,18.23,18.23,21.07,29.81
"434031    ","Court, Municipal, and License Clerks",28.19,19.33,22.25,25.71,31.63,39.58
"537021    ","Crane and Tower Operators",41.44,31.97,37.55,43.82,46.53,49.40
"132041    ","Credit Analysts",34.61,24.58,25.26,31.61,42.42,48.19
"339091    ","Crossing Guards and Flaggers",*,*,*,*,*,*
"519021    ","Crushing, Grinding, and Polishing Machine Setters, Operators, and Tenders",29.43,18.97,21.78,31.54,32.32,38.35
"254012    ",Curators,37.81,28.52,29.47,36.05,44.29,56.87
"434051    ","Customer Service Representatives",21.86,15.79,17.57,20.00,24.18,31.29
"519032    ","Cutting and Slicing Machine Setters, Operators, and Tenders",18.65,11.10,14.99,18.00,22.50,25.23
"514031    ","Cutting, Punching, and Press Machine Setters, Operators, and Tenders, Metal and Plastic",24.55,19.33,22.36,22.36,24.59,37.80
"439021    ","Data Entry Keyers",24.50,16.58,21.82,24.95,29.81,30.31
"152051    ","Data Scientists",44.09,24.58,30.85,38.46,53.12,68.71
"151242    ","Database Administrators",43.45,27.98,33.34,43.65,51.19,62.03
"151243    ","Database Architects",60.41,37.21,42.41,57.42,74.68,89.77
"319091    ","Dental Assistants",25.49,17.78,22.87,24.91,27.85,31.29
"291292    ","Dental Hygienists",55.76,42.41,53.29,58.82,59.81,61.70
"291021    ","Dentists, General",96.98,28.38,60.47,225170.00,234950.00,*
"475011    ","Derrick Operators, Oil and Gas",36.57,31.56,31.63,37.79,37.82,39.41
"333021    ","Detectives and Criminal Investigators",58.54,35.48,43.13,56.11,75.61,82.59
"292032    ","Diagnostic Medical Sonographers",43.64,24.01,25.41,45.11,53.14,60.45
"292051    ","Dietetic Technicians",21.06,13.92,15.37,19.33,22.03,32.64
"291031    ","Dietitians and Nutritionists",38.51,27.16,33.24,37.45,45.31,47.16
"359011    ","Dining Room and Cafeteria Attendants and Bartender Helpers",14.49,11.06,11.15,13.38,14.61,16.80
"212021    ","Directors, Religious Activities and Education",28.09,18.25,18.25,32.64,38.07,41.09
"359021    ",Dishwashers,14.67,12.00,13.66,14.05,15.04,17.46
"435032    ","Dispatchers, Except Police, Fire, and Ambulance",28.93,17.61,21.81,28.67,36.00,42.85
"533031    ","Driver/Sales Workers",18.63,11.69,14.27,18.21,21.62,27.83
"472081    ","Drywall and Ceiling Tile Installers",31.35,19.05,22.22,35.64,35.97,39.44
"475023    ","Earth Drillers, Except Oil and Gas",30.76,24.17,27.53,29.58,34.96,37.60
"193011    ",Economists,48.83,30.11,36.84,48.07,59.34,68.37
"273041    ",Editors,30.70,18.74,21.97,23.80,34.56,47.96
"119039    ","Education Administrators, All Other",45.10,27.18,31.77,41.44,51.68,66.98
"119032    ","Education Administrators, Kindergarten through Secondary",119520.00,86960.00,104720.00,121220.00,138230.00,140450.00
"119033    ","Education Administrators, Postsecondary",64.34,33.03,44.41,68.44,83.17,88.42
"119031    ","Education and Childcare Administrators, Preschool and Daycare",*,*,*,*,*,*
"251081    ","Education Teachers, Postsecondary",98580.00,45140.00,66180.00,84140.00,108830.00,124480.00
"250000    ","Educational Instruction and Library Occupations",36.23,15.18,20.95,31.52,40.40,51.55
"259099    ","Educational Instruction and Library Workers, All Other",28.40,15.57,21.51,24.36,30.36,48.70
"211012    ","Educational, Guidance, and Career Counselors and Advisors",34.45,24.29,29.01,32.05,38.98,46.86
"173023    ","Electrical and Electronic Engineering Technologists and Technicians",44.58,31.67,38.51,45.74,48.77,57.10
"173012    ","Electrical and Electronics Drafters",*,*,*,*,*,*
"492093    ","Electrical and Electronics Installers and Repairers, Transportation Equipment",30.12,21.85,22.06,22.39,42.33,43.31
"492094    ","Electrical and Electronics Repairers, Commercial and Industrial Equipment",41.12,27.72,36.33,42.69,46.69,49.74
"492095    ","Electrical and Electronics Repairers, Powerhouse, Substation, and Relay",48.65,24.08,33.70,54.84,61.99,63.49
"172071    ","Electrical Engineers",52.03,30.74,37.00,48.90,61.69,79.84
"499051    ","Electrical Power-Line Installers and Repairers",49.32,35.55,44.44,48.73,60.98,63.78
"472111    ",Electricians,39.50,23.45,29.30,39.50,46.21,56.56
"173024    ","Electro-Mechanical and Mechatronics Technologists and Technicians",*,*,*,*,*,*
"172072    ","Electronics Engineers, Except Computer",57.60,35.87,45.78,47.32,51.29,99.50
"252021    ","Elementary School Teachers, Except Special Education",73860.00,40520.00,65120.00,79110.00,84260.00,99960.00
"434061    ","Eligibility Interviewers, Government Programs",28.15,22.22,24.87,27.62,30.82,35.10
"119161    ","Emergency Management Directors",54.97,28.65,31.42,40.85,66.43,92.37
"292042    ","Emergency Medical Technicians",25.80,17.95,21.21,24.93,29.49,34.99
"291214    ","Emergency Medicine Physicians",*,*,*,*,*,*
"251032    ","Engineering Teachers, Postsecondary",115190.00,68690.00,104970.00,108880.00,134440.00,171800.00
"173029    ","Engineering Technologists and Technicians, Except Drafters, All Other",36.76,19.72,23.89,38.58,46.79,54.57
"172199    ","Engineers, All Other",57.88,37.22,46.77,60.00,69.38,77.70
"251123    ","English Language and Literature Teachers, Postsecondary",80610.00,66710.00,71870.00,80470.00,85650.00,106700.00
"119072    ","Entertainment and Recreation Managers, Except Gambling",38.09,20.53,30.61,34.95,43.70,63.17
"173025    ","Environmental Engineering Technologists and Technicians",35.18,25.00,29.17,32.06,39.39,47.25
"172081    ","Environmental Engineers",53.56,35.26,43.22,52.28,60.52,69.38
"194042    ","Environmental Science and Protection Technicians, Including Health",28.63,16.64,19.44,23.61,31.40,39.41
"192041    ","Environmental Scientists and Specialists, Including Health",44.32,26.95,31.82,40.19,51.99,63.36
"191041    ",Epidemiologists,48.15,33.41,36.52,45.39,50.17,62.62
"475022    ","Excavating and Loading Machine and Dragline Operators, Surface Mining",39.97,27.50,36.22,41.26,45.28,48.88
"436011    ","Executive Secretaries and Executive Administrative Assistants",30.90,21.58,24.87,30.04,35.75,40.41
"399031    ","Exercise Trainers and Group Fitness Instructors",25.44,13.60,21.75,24.46,30.69,34.87
"475032    ","Explosives Workers, Ordnance Handling Experts, and Blasters",*,*,*,*,*,*
"475099    ","Extraction Workers, All Other",27.59,19.72,19.77,26.30,26.36,39.87
"113013    ","Facilities Managers",58.33,32.00,41.67,52.01,65.14,83.97
"291215    ","Family Medicine Physicians",273740.00,46.14,78.48,*,*,*
"450000    ","Farming, Fishing, and Forestry Occupations",24.21,15.08,17.24,21.10,27.72,36.69
"452092    ","Farmworkers and Laborers, Crop, Nursery, and Greenhouse",19.05,13.95,15.08,16.69,21.63,27.00
"452093    ","Farmworkers, Farm, Ranch, and Aquacultural Animals",23.05,13.97,19.85,22.53,23.31,33.06
"353023    ","Fast Food and Counter Workers",14.91,11.45,13.53,14.18,16.75,17.54
"474031    ","Fence Erectors",27.18,20.05,21.12,28.93,33.76,35.99
"434071    ","File Clerks",20.33,11.20,14.24,19.06,23.49,29.31
"274032    ","Film and Video Editors",28.59,11.64,16.52,23.03,43.97,48.53
"132051    ","Financial and Investment Analysts",53.16,28.20,31.50,44.13,60.96,212780.00
"433099    ","Financial Clerks, All Other",25.29,19.04,22.52,24.56,28.54,30.43
"132061    ","Financial Examiners",31.95,19.52,28.66,29.71,37.47,41.08
"113031    ","Financial Managers",71.68,39.68,48.09,61.06,78.21,212700.00
"132054    ","Financial Risk Specialists",48.14,25.36,25.42,52.31,59.90,65.82
"132099    ","Financial Specialists, All Other",41.72,24.44,30.69,39.94,52.36,58.35
"332021    ","Fire Inspectors and Investigators",41.89,22.24,26.94,37.95,54.81,58.07
"332011    ",Firefighters,27.84,14.92,19.42,28.02,37.14,40.79
"471011    ","First-Line Supervisors of Construction Trades and Extraction Workers",45.28,25.79,34.91,44.82,52.15,65.43
"331011    ","First-Line Supervisors of Correctional Officers",50.30,39.56,43.98,48.33,55.51,62.63
"391014    ","First-Line Supervisors of Entertainment and Recreation Workers, Except Gambling Services",27.12,17.30,19.67,27.00,32.90,35.93
"451011    ","First-Line Supervisors of Farming, Fishing, and Forestry Workers",31.05,18.63,18.94,27.20,38.33,50.72
"331021    ","First-Line Supervisors of Firefighting and Prevention Workers",41.88,25.06,33.67,43.07,50.17,53.49
"351012    ","First-Line Supervisors of Food Preparation and Serving Workers",23.05,15.04,17.82,22.01,25.55,32.93
"391013    ","First-Line Supervisors of Gambling Services Workers",26.98,15.43,18.00,22.62,33.73,35.89
"371011    ","First-Line Supervisors of Housekeeping and Janitorial Workers",25.23,17.96,19.47,24.29,29.17,34.62
"371012    ","First-Line Supervisors of Landscaping, Lawn Service, and Groundskeeping Workers",38.11,28.08,31.07,41.56,43.69,43.76
"491011    ","First-Line Supervisors of Mechanics, Installers, and Repairers",45.22,27.51,34.95,45.51,54.02,62.65
"411012    ","First-Line Supervisors of Non-Retail Sales Workers",38.72,21.32,25.03,35.75,45.62,59.76
"431011    ","First-Line Supervisors of Office and Administrative Support Workers",32.73,21.24,25.71,30.93,37.76,44.57
"391022    ","First-Line Supervisors of Personal Service Workers",34.27,20.04,21.47,30.08,40.02,64.41
"331012    ","First-Line Supervisors of Police and Detectives",57.61,30.01,45.74,57.32,69.42,83.64
"511011    ","First-Line Supervisors of Production and Operating Workers",39.30,20.85,24.55,38.17,48.54,58.71
"331099    ","First-Line Supervisors of Protective Service Workers, All Other",39.60,28.16,35.08,38.10,42.44,48.43
"411011    ","First-Line Supervisors of Retail Sales Workers",26.13,17.22,20.42,23.71,30.03,37.31
"331091    ","First-Line Supervisors of Security Workers",31.95,20.51,24.95,30.73,36.94,45.80
"472043    ","Floor Sanders and Finishers",23.20,18.65,22.17,22.17,24.95,29.56
"271023    ","Floral Designers",21.53,15.34,18.10,21.50,23.03,29.42
"513091    ","Food and Tobacco Roasting, Baking, and Drying Machine Operators and Tenders",20.03,12.91,18.38,20.46,23.17,23.55
"513092    ","Food Batchmakers",29.85,14.92,17.14,22.34,24.69,81.81
"350000    ","Food Preparation and Serving Related Occupations",17.62,11.37,13.57,15.41,19.26,25.00
"359099    ","Food Preparation and Serving Related Workers, All Other",16.86,13.93,13.93,13.93,19.28,20.02
"352021    ","Food Preparation Workers",17.56,13.69,14.37,17.48,18.71,21.21
"353041    ","Food Servers, Nonrestaurant",16.43,13.63,14.25,16.17,17.20,22.00
"119051    ","Food Service Managers",33.32,21.23,23.79,30.87,37.19,43.62
"251124    ","Foreign Language and Literature Teachers, Postsecondary",60050.00,32390.00,45460.00,49420.00,70140.00,106500.00
"194092    ","Forensic Science Technicians",36.30,25.96,30.85,34.43,43.72,48.89
"194071    ","Forest and Conservation Technicians",26.69,19.98,21.16,25.30,31.03,36.11
"191032    ",Foresters,38.47,27.62,33.78,39.33,44.50,46.18
"131131    ",Fundraisers,30.64,21.64,24.94,28.24,36.15,45.77
"112033    ","Fundraising Managers",44.76,33.57,37.19,37.29,44.27,60.09
"393019    ","Gambling Service Workers, All Other",15.64,11.79,13.12,15.57,17.07,21.33
"537071    ","Gas Compressor and Gas Pumping Station Operators",*,*,*,*,*,*
"518092    ","Gas Plant Operators",60.14,46.89,61.43,63.64,63.64,63.72
"111021    ","General and Operations Managers",58.09,26.31,35.81,50.35,71.84,98.17
"291216    ","General Internal Medicine Physicians",402000.00,99.51,*,*,*,*
"194043    ","Geological Technicians, Except Hydrologic Technicians",45.81,23.59,25.48,29.94,62.07,234080.00
"192042    ","Geoscientists, Except Hydrologists and Geographers",50.85,28.82,34.53,48.41,64.05,76.66
"472121    ",Glaziers,25.38,16.50,16.50,22.09,32.55,44.65
"271024    ","Graphic Designers",26.05,17.90,20.22,22.76,32.89,39.68
"373019    ","Grounds Maintenance Workers, All Other",24.10,14.34,19.94,22.32,30.23,34.79
"395012    ","Hairdressers, Hairstylists, and Cosmetologists",19.42,11.87,12.49,17.88,24.58,26.57
"474041    ","Hazardous Materials Removal Workers",26.34,16.23,22.17,24.79,27.29,42.65
"172111    ","Health and Safety Engineers, Except Mining Safety Engineers and Inspectors",60.04,27.04,44.95,57.26,72.64,85.20
"211091    ","Health Education Specialists",32.60,22.89,25.97,30.86,38.07,44.29
"299021    ","Health Information Technologists and Medical Registrars",28.90,20.23,22.25,24.43,31.73,40.34
"251071    ","Health Specialties Teachers, Postsecondary",79660.00,61810.00,61830.00,66810.00,87010.00,100450.00
"292099    ","Health Technologists and Technicians, All Other",26.99,19.43,21.62,23.39,29.19,39.29
"291299    ","Healthcare Diagnosing or Treating Practitioners, All Other",39.27,19.41,23.66,44.93,48.87,51.52
"290000    ","Healthcare Practitioners and Technical Occupations",55.54,22.51,30.14,48.44,60.74,84.84
"299099    ","Healthcare Practitioners and Technical Workers, All Other",42.84,25.96,31.98,48.11,57.02,57.03
"211022    ","Healthcare Social Workers",33.57,24.31,26.26,31.01,39.37,47.92
"310000    ","Healthcare Support Occupations",22.48,16.35,17.61,20.76,24.55,29.30
"319099    ","Healthcare Support Workers, All Other",29.42,20.59,25.17,28.54,33.43,39.88
"499021    ","Heating, Air Conditioning, and Refrigeration Mechanics and Installers",36.38,21.56,26.96,36.24,46.68,50.30
"533032    ","Heavy and Tractor-Trailer Truck Drivers",31.67,21.88,27.49,30.35,35.76,38.76
"473019    ","Helpers, Construction Trades, All Other",18.84,10.88,14.82,19.11,22.72,24.24
"473012    ",Helpers--Carpenters,17.06,14.66,14.70,17.31,17.54,18.94
"475081    ","Helpers--Extraction Workers",23.22,16.84,21.88,22.56,28.00,29.11
"499098    ","Helpers--Installation, Maintenance, and Repair Workers",23.21,15.00,17.70,21.40,27.31,32.29
"473015    ","Helpers--Pipelayers, Plumbers, Pipefitters, and Steamfitters",24.70,15.96,15.96,24.92,25.34,54.35
"519198    ","Helpers--Production Workers",22.49,15.36,17.12,18.76,25.86,33.00
"474051    ","Highway Maintenance Workers",25.04,20.33,22.56,23.72,28.37,32.55
"251125    ","History Teachers, Postsecondary",77130.00,44460.00,65160.00,65160.00,90030.00,107690.00
"537041    ","Hoist and Winch Operators",22.46,17.46,19.10,24.33,24.43,25.94
"499031    ","Home Appliance Repairers",26.02,19.62,24.99,24.99,28.89,29.08
"311120    ","Home Health and Personal Care Aides",18.53,14.04,16.70,17.81,20.49,22.22
"359031    ","Hosts and Hostesses, Restaurant, Lounge, and Coffee Shop",16.47,11.00,11.06,14.04,17.20,25.09
"434081    ","Hotel, Motel, and Resort Desk Clerks",16.35,13.20,14.45,16.44,17.26,20.02
"434161    ","Human Resources Assistants, Except Payroll and Timekeeping",26.84,20.42,23.67,25.98,29.91,33.36
"113121    ","Human Resources Managers",58.21,37.40,45.91,56.53,68.01,78.55
"131071    ","Human Resources Specialists",35.61,22.98,27.85,33.19,40.58,50.71
"499041    ","Industrial Machinery Mechanics",39.40,20.00,28.77,40.63,47.43,56.71
"113051    ","Industrial Production Managers",63.49,38.11,50.70,61.77,75.13,80.82
"537051    ","Industrial Truck and Tractor Operators",25.51,17.03,19.88,23.57,29.72,36.79
"434199    ","Information and Record Clerks, All Other",22.92,12.50,18.49,22.77,26.99,31.49
"151212    ","Information Security Analysts",50.80,40.02,44.15,50.23,52.65,65.89
"519061    ","Inspectors, Testers, Sorters, Samplers, and Weighers",37.09,17.59,18.61,34.05,47.99,62.89
"490000    ","Installation, Maintenance, and Repair Occupations",34.49,18.24,23.75,32.68,43.82,50.40
"499099    ","Installation, Maintenance, and Repair Workers, All Other",41.05,30.41,32.96,39.44,45.52,59.21
"259031    ","Instructional Coordinators",35.35,20.33,25.37,34.86,41.81,52.18
"472131    ","Insulation Workers, Floor, Ceiling, and Wall",28.67,18.67,18.85,22.69,32.49,49.94
"472132    ","Insulation Workers, Mechanical",38.67,27.44,35.54,38.13,44.81,44.91
"439041    ","Insurance Claims and Policy Processing Clerks",23.98,21.58,21.60,22.44,27.64,28.31
"413021    ","Insurance Sales Agents",27.08,18.24,22.30,24.02,29.43,36.60
"132053    ","Insurance Underwriters",40.72,28.22,28.22,36.73,48.15,61.79
"273091    ","Interpreters and Translators",31.12,16.00,20.92,30.08,35.34,50.00
"372011    ","Janitors and Cleaners, Except Maids and Housekeeping Cleaners",18.50,13.69,15.35,17.76,20.38,24.44
"231023    ","Judges, Magistrate Judges, and Magistrates",76.08,40.33,54.54,81.19,95.76,210180.00
"231012    ","Judicial Law Clerks",29.79,27.98,27.98,28.82,32.05,33.01
"252012    ","Kindergarten Teachers, Except Special Education",69680.00,55470.00,59700.00,65250.00,80720.00,85350.00
"131075    ","Labor Relations Specialists",52.89,36.41,46.22,52.60,64.02,71.09
"537062    ","Laborers and Freight, Stock, and Material Movers, Hand",24.19,15.95,18.30,21.09,29.48,39.42
"373011    ","Landscaping and Groundskeeping Workers",22.29,14.82,17.14,21.43,28.66,29.26
"516011    ","Laundry and Dry-Cleaning Workers",17.98,14.05,15.00,17.34,20.94,22.16
"231011    ",Lawyers,65.74,40.12,48.25,63.34,74.94,89.03
"230000    ","Legal Occupations",50.88,22.52,29.42,45.30,66.42,84.61
"436012    ","Legal Secretaries and Administrative Assistants",27.89,20.56,22.00,25.61,33.37,38.64
"232099    ","Legal Support Workers, All Other",37.91,24.57,27.45,39.61,45.70,51.94
"111031    ",Legislators,88680.00,31070.00,31110.00,50400.00,201700.00,218220.00
"254022    ","Librarians and Media Collections Specialists",36.25,24.36,29.37,36.54,41.31,50.67
"434121    ","Library Assistants, Clerical",20.39,14.73,18.04,19.40,22.15,25.32
"254031    ","Library Technicians",24.51,18.94,19.36,24.97,28.52,30.21
"292061    ","Licensed Practical and Licensed Vocational Nurses",35.70,27.76,31.59,36.35,38.47,44.97
"190000    ","Life, Physical, and Social Science Occupations",40.12,22.00,27.62,37.23,48.68,61.67
"194099    ","Life, Physical, and Social Science Technicians, All Other",36.35,22.81,26.61,32.27,42.04,51.91
"339092    ","Lifeguards, Ski Patrol, and Other Recreational Protective Service Workers",17.25,14.40,15.15,16.88,19.31,20.30
"533033    ","Light Truck Drivers",26.83,17.07,18.78,25.00,33.61,43.31
"434131    ","Loan Interviewers and Clerks",25.53,19.28,21.45,24.21,28.94,31.77
"132072    ","Loan Officers",39.15,15.06,25.05,31.88,44.97,75.79
"393093    ","Locker Room, Coatroom, and Dressing Room Attendants",17.65,15.20,15.24,16.18,20.07,22.20
"119081    ","Lodging Managers",33.60,17.46,28.42,32.30,39.99,46.03
"454022    ","Logging Equipment Operators",28.74,18.34,22.25,29.02,35.00,38.36
"131081    ",Logisticians,42.99,24.99,31.88,41.19,51.10,62.27
"514041    ",Machinists,31.32,22.45,23.87,28.78,39.16,44.32
"292035    ","Magnetic Resonance Imaging Technologists",52.80,41.14,47.46,51.00,56.85,59.57
"372012    ","Maids and Housekeeping Cleaners",17.73,14.05,14.96,16.93,18.91,21.40
"439051    ","Mail Clerks and Mail Machine Operators, Except Postal Service",20.56,12.31,14.75,19.47,24.30,29.74
"499071    ","Maintenance and Repair Workers, General",28.75,16.74,20.78,25.21,33.45,42.15
"499043    ","Maintenance Workers, Machinery",33.45,21.70,22.51,31.09,41.54,51.65
"131111    ","Management Analysts",50.71,33.01,41.19,48.68,58.71,67.32
"110000    ","Management Occupations",59.74,29.03,38.45,52.25,70.07,94.35
"119199    ","Managers, All Other",61.49,34.51,45.04,57.47,72.92,88.22
"395092    ","Manicurists and Pedicurists",24.41,13.98,17.57,21.25,26.38,36.62
"172121    ","Marine Engineers and Naval Architects",*,*,*,*,*,*
"131161    ","Market Research Analysts and Marketing Specialists",33.28,22.22,26.86,28.84,36.09,49.50
"112021    ","Marketing Managers",54.00,31.99,43.34,50.52,60.36,78.84
"211013    ","Marriage and Family Therapists",35.78,22.16,26.25,31.87,38.88,59.37
"319011    ","Massage Therapists",48.40,24.77,28.35,42.71,64.68,78.48
"537199    ","Material Moving Workers, All Other",23.24,15.59,18.50,18.83,27.66,34.38
"172131    ","Materials Engineers",56.41,31.04,37.08,54.74,66.49,87.62
"152099    ","Mathematical Science Occupations, All Other",35.94,27.62,29.83,34.70,41.23,45.61
"251022    ","Mathematical Science Teachers, Postsecondary",98190.00,64040.00,67760.00,92720.00,134300.00,134300.00
"513022    ","Meat, Poultry, and Fish Cutters and Trimmers",16.85,14.49,14.99,17.08,17.34,17.66
"172141    ","Mechanical Engineers",53.05,31.25,37.26,49.02,62.95,78.52
"274099    ","Media and Communication Equipment Workers, All Other",38.61,21.59,29.49,36.09,47.88,58.71
"273099    ","Media and Communication Workers, All Other",32.56,24.64,30.89,34.83,34.83,36.21
"119111    ","Medical and Health Services Managers",71.42,36.12,44.53,59.39,82.02,*
"319092    ","Medical Assistants",25.25,19.90,22.80,24.12,27.60,30.91
"292036    ","Medical Dosimetrists",75.64,24.80,83.26,83.26,83.26,86.51
"319093    ","Medical Equipment Preparers",26.44,20.03,22.05,24.61,29.22,36.58
"499062    ","Medical Equipment Repairers",36.42,22.88,28.71,38.24,41.93,48.34
"292072    ","Medical Records Specialists",28.32,20.79,23.21,26.58,30.83,39.20
"191042    ","Medical Scientists, Except Epidemiologists",47.94,34.30,40.58,46.07,55.79,55.79
"436013    ","Medical Secretaries and Administrative Assistants",21.71,16.64,18.48,21.94,24.04,28.27
"319094    ","Medical Transcriptionists",20.54,14.78,15.22,20.95,23.00,28.92
"131121    ","Meeting, Convention, and Event Planners",23.30,13.84,13.84,22.73,30.76,37.03
"211023    ","Mental Health and Substance Abuse Social Workers",30.62,20.31,24.56,28.90,33.95,49.12
"271026    ","Merchandise Displayers and Window Trimmers",19.01,15.20,16.36,17.84,21.39,22.42
"191022    ",Microbiologists,36.70,27.62,28.93,34.14,40.64,45.36
"252022    ","Middle School Teachers, Except Special and Career/Technical Education",77740.00,51430.00,63910.00,75670.00,86590.00,104610.00
"499044    ",Millwrights,33.41,24.07,24.87,31.70,38.25,40.72
"172151    ","Mining and Geological Engineers, Including Mining Safety Engineers",61.90,39.79,42.43,55.37,64.22,97.13
"512090    ","Miscellaneous Assemblers and Fabricators",22.78,14.92,18.25,21.96,29.29,29.54
"474090    ","Miscellaneous Construction and Related Workers",24.43,14.23,16.54,29.07,31.95,32.04
"519023    ","Mixing and Blending Machine Setters, Operators, and Tenders",17.86,15.65,15.65,15.65,15.81,23.52
"493042    ","Mobile Heavy Equipment Mechanics, Except Engines",38.62,26.75,30.97,38.57,45.30,49.75
"419012    ",Models,26.22,14.63,18.49,23.40,23.46,58.53
"533099    ","Motor Vehicle Operators, All Other",29.56,18.33,18.49,31.68,35.15,36.46
"493051    ","Motorboat Mechanics and Service Technicians",29.88,23.52,28.10,29.17,33.09,39.56
"535022    ","Motorboat Operators",21.96,16.30,17.66,17.81,24.46,36.05
"493052    ","Motorcycle Mechanics",20.67,17.44,17.52,18.07,22.85,28.07
"254013    ","Museum Technicians and Conservators",25.00,14.14,17.50,24.93,30.04,37.45
"272041    ","Music Directors and Composers",26.21,15.29,25.49,25.57,25.57,44.99
"119121    ","Natural Sciences Managers",57.28,37.84,48.07,58.31,65.66,74.72
"151244    ","Network and Computer Systems Administrators",43.67,30.35,36.57,42.98,49.68,57.13
"434141    ","New Accounts Clerks",20.86,16.85,20.95,21.54,22.12,22.18
"273023    ","News Analysts, Reporters, and Journalists",27.69,17.97,22.62,23.19,27.63,36.44
"291151    ","Nurse Anesthetists",*,*,*,*,*,*
"291161    ","Nurse Midwives",61.92,50.00,50.84,60.14,77.55,83.21
"291171    ","Nurse Practitioners",60.66,33.70,43.46,64.39,75.59,86.08
"311131    ","Nursing Assistants",22.63,19.26,19.32,21.87,24.26,28.02
"251072    ","Nursing Instructors and Teachers, Postsecondary",98870.00,53400.00,74830.00,92520.00,127140.00,137780.00
"291218    ","Obstetricians and Gynecologists",306700.00,65.42,81.28,*,*,*
"195011    ","Occupational Health and Safety Specialists",44.97,23.23,34.20,44.93,50.38,64.37
"195012    ","Occupational Health and Safety Technicians",39.13,24.00,25.00,35.99,48.88,60.11
"291122    ","Occupational Therapists",47.58,21.73,39.74,49.61,57.79,67.03
"312011    ","Occupational Therapy Assistants",25.63,14.03,15.25,20.85,37.69,39.67
"430000    ","Office and Administrative Support Occupations",24.90,16.20,19.02,23.48,29.35,35.67
"439199    ","Office and Administrative Support Workers, All Other",21.77,11.64,14.51,21.37,27.47,33.03
"439061    ","Office Clerks, General",23.41,15.21,19.22,23.16,26.80,31.03
"439071    ","Office Machine Operators, Except Computer",25.72,11.23,22.75,23.18,30.00,42.65
"472073    ","Operating Engineers and Other Construction Equipment Operators",36.74,25.84,30.00,34.80,42.78,48.33
"152031    ","Operations Research Analysts",46.83,28.13,41.93,49.25,53.87,56.56
"292057    ","Ophthalmic Medical Technicians",28.35,18.94,26.89,29.23,29.99,39.56
"292081    ","Opticians, Dispensing",25.91,17.96,22.42,26.00,28.66,32.50
"291041    ",Optometrists,71.38,19.90,50.00,74.63,98.92,*
"434151    ","Order Clerks",19.21,14.70,17.53,17.82,18.47,24.82
"311132    ",Orderlies,20.25,18.47,18.76,18.76,18.76,22.27
"493053    ","Outdoor Power Equipment and Other Small Engine Mechanics",24.70,19.19,19.19,24.34,27.47,34.92
"519111    ","Packaging and Filling Machine Operators and Tenders",20.05,16.76,17.14,17.78,23.68,25.48
"537064    ","Packers and Packagers, Hand",19.44,14.24,15.42,19.17,21.00,27.91
"472141    ","Painters, Construction and Maintenance",32.82,18.55,24.35,33.28,40.31,47.49
"232011    ","Paralegals and Legal Assistants",30.38,22.04,22.27,28.42,34.10,44.54
"292043    ",Paramedics,32.51,24.76,28.21,31.47,36.25,42.44
"536021    ","Parking Attendants",15.59,11.00,13.79,15.00,16.89,18.20
"412022    ","Parts Salespersons",21.51,14.56,17.10,17.90,23.15,36.10
"536061    ","Passenger Attendants",23.99,14.06,24.45,24.45,24.45,28.88
"472071    ","Paving, Surfacing, and Tamping Equipment Operators",34.42,19.08,19.08,38.95,46.55,46.67
"433051    ","Payroll and Timekeeping Clerks",26.26,19.32,22.41,25.30,29.89,34.71
"291221    ","Pediatricians, General",238030.00,79.98,208000.00,233330.00,*,*
"390000    ","Personal Care and Service Occupations",21.32,13.22,15.36,18.66,24.58,31.34
"132052    ","Personal Financial Advisors",226650.00,19.46,25.70,40.72,*,*
"119179    ","Personal Service Managers, All Other",36.92,18.79,27.51,36.48,39.50,45.36
"372021    ","Pest Control Workers",23.14,17.62,17.65,21.72,27.44,35.68
"172171    ","Petroleum Engineers",69.78,31.01,39.74,64.78,83.40,230730.00
"518093    ","Petroleum Pump System Operators, Refinery Operators, and Gaugers",47.76,31.23,36.08,49.55,59.44,59.75
"291051    ",Pharmacists,72.89,39.83,66.20,73.43,83.37,88.36
"319095    ","Pharmacy Aides",21.54,16.22,16.38,20.09,26.98,28.24
"292052    ","Pharmacy Technicians",23.95,17.89,19.80,23.47,26.50,30.29
"251126    ","Philosophy and Religion Teachers, Postsecondary",66190.00,63400.00,63400.00,63420.00,63420.00,80370.00
"319097    ",Phlebotomists,23.29,19.31,20.09,21.63,25.78,29.60
"274021    ",Photographers,21.30,12.23,16.82,20.92,24.15,35.20
"192099    ","Physical Scientists, All Other",53.42,30.95,44.88,53.41,64.05,75.69
"312022    ","Physical Therapist Aides",23.40,18.25,18.28,22.89,26.32,27.70
"312021    ","Physical Therapist Assistants",32.39,15.39,28.53,30.49,37.66,42.23
"291123    ","Physical Therapists",53.28,40.33,48.42,50.29,60.13,63.03
"291071    ","Physician Assistants",71.39,49.65,62.10,67.80,78.64,85.05
"291229    ","Physicians, All Other",284240.00,68.33,82.06,*,*,*
"291222    ","Physicians, Pathologists",251520.00,209130.00,212620.00,212630.00,*,*
"518099    ","Plant and System Operators, All Other",33.15,17.74,17.74,35.95,41.93,50.62
"472152    ","Plumbers, Pipefitters, and Steamfitters",39.47,24.65,29.71,39.26,46.42,50.57
"333051    ","Police and Sheriffâ€™s Patrol Officers",45.51,27.88,36.80,43.30,52.98,64.30
"435051    ","Postal Service Clerks",24.93,15.80,15.81,26.04,29.40,34.54
"435052    ","Postal Service Mail Carriers",27.39,19.83,23.12,25.10,36.09,36.20
"435053    ","Postal Service Mail Sorters, Processors, and Processing Machine Operators",25.26,18.72,20.05,24.71,29.62,34.54
"119131    ","Postmasters and Mail Superintendents",30.53,22.10,25.01,26.24,33.94,44.05
"251199    ","Postsecondary Teachers, All Other",90580.00,51260.00,79770.00,79770.00,105770.00,133620.00
"518012    ","Power Distributors and Dispatchers",54.70,27.14,41.29,56.44,68.69,78.02
"518013    ","Power Plant Operators",39.34,17.04,25.60,39.74,48.81,65.74
"499069    ","Precision Instrument and Equipment Repairers, All Other",51.13,38.26,42.69,52.38,57.95,60.68
"252011    ","Preschool Teachers, Except Special Education",22.67,14.57,15.52,17.80,23.53,37.76
"515113    ","Print Binding and Finishing Workers",18.76,11.10,14.69,19.32,22.79,26.18
"515112    ","Printing Press Operators",21.35,14.20,17.41,21.37,23.42,29.20
"339021    ","Private Detectives and Investigators",31.84,19.66,21.72,27.62,44.11,48.45
"433061    ","Procurement Clerks",25.84,18.31,22.48,25.30,30.36,32.89
"272012    ","Producers and Directors",31.03,19.23,23.71,29.77,34.03,45.64
"510000    ","Production Occupations",28.65,14.81,17.14,22.74,37.80,50.05
"519199    ","Production Workers, All Other",26.11,16.68,22.17,23.25,31.67,36.65
"435061    ","Production, Planning, and Expediting Clerks",28.55,18.97,23.50,25.43,32.20,38.82
"131082    ","Project Management Specialists",53.24,30.40,38.16,50.96,63.73,77.24
"132020    ","Property Appraisers and Assessors",37.69,25.92,30.17,39.15,45.36,50.66
"119141    ","Property, Real Estate, and Community Association Managers",33.97,18.48,22.31,28.33,41.25,56.50
"330000    ","Protective Service Occupations",32.85,17.04,21.47,30.82,40.79,52.33
"339099    ","Protective Service Workers, All Other",25.76,19.52,20.42,25.30,30.69,35.08
"311133    ","Psychiatric Aides",22.97,19.27,19.28,21.37,25.08,28.27
"292053    ","Psychiatric Technicians",22.54,17.98,20.06,23.07,23.16,27.60
"291223    ",Psychiatrists,79.90,30.35,38.01,64.84,84.91,*
"251066    ","Psychology Teachers, Postsecondary",89700.00,70160.00,75090.00,86520.00,105510.00,115480.00
"112032    ","Public Relations Managers",58.39,31.47,40.47,52.97,70.76,90.20
"273031    ","Public Relations Specialists",34.05,20.55,26.46,32.23,40.75,48.58
"435031    ","Public Safety Telecommunicators",31.80,23.98,26.02,28.83,35.50,50.25
"537072    ","Pump Operators, Except Wellhead Pumpers",30.76,11.80,18.62,30.00,39.70,47.82
"113061    ","Purchasing Managers",53.64,34.25,37.88,51.62,63.38,81.31
"291124    ","Radiation Therapists",56.82,53.94,55.68,55.68,55.68,62.10
"292034    ","Radiologic Technologists and Technicians",41.92,31.53,36.87,39.69,48.34,52.00
"291224    ",Radiologists,66.72,22.73,49.38,58.87,60.14,65.76
"419021    ","Real Estate Brokers",34.47,23.73,27.47,30.89,44.11,46.89
"419022    ","Real Estate Sales Agents",39.29,26.14,32.95,38.69,46.38,53.37
"434171    ","Receptionists and Information Clerks",19.70,14.71,17.16,19.15,22.27,24.23
"399032    ","Recreation Workers",23.68,14.04,15.59,20.69,29.59,36.11
"493092    ","Recreational Vehicle Service Technicians",26.43,20.00,22.39,24.13,28.00,35.40
"537081    ","Refuse and Recyclable Material Collectors",23.33,14.33,16.78,17.42,31.90,38.54
"291141    ","Registered Nurses",52.51,39.90,43.04,51.16,60.13,63.51
"211015    ","Rehabilitation Counselors",33.35,21.04,29.19,31.95,39.00,46.06
"434181    ","Reservation and Transportation Ticket Agents and Travel Clerks",21.68,16.62,17.17,18.01,23.77,33.30
"399041    ","Residential Advisors",20.49,12.42,16.80,18.48,22.05,27.62
"291126    ","Respiratory Therapists",45.48,39.86,40.27,45.21,48.35,53.48
"412031    ","Retail Salespersons",18.95,13.72,15.14,17.47,19.46,23.75
"472181    ",Roofers,32.64,22.55,29.36,30.64,36.02,50.36
"475012    ","Rotary Drill Operators, Oil and Gas",42.42,32.46,39.00,42.44,49.09,51.75
"475071    ","Roustabouts, Oil and Gas",29.74,21.66,25.79,29.08,34.53,35.98
"535011    ","Sailors and Marine Oilers",30.19,18.71,26.38,29.06,34.20,38.30
"410000    ","Sales and Related Occupations",22.24,14.24,16.21,18.05,23.54,34.53
"419099    ","Sales and Related Workers, All Other",26.56,16.48,19.23,27.00,31.18,39.37
"419031    ","Sales Engineers",51.38,30.93,45.61,47.93,57.07,75.88
"112022    ","Sales Managers",51.04,30.22,35.71,44.74,60.52,76.32
"413091    ","Sales Representatives of Services, Except Advertising, Insurance, Financial Services, and Travel",31.28,17.71,21.21,27.22,36.71,49.88
"414012    ","Sales Representatives, Wholesale and Manufacturing, Except Technical and Scientific Products",32.63,18.65,22.70,27.36,37.38,49.76
"414011    ","Sales Representatives, Wholesale and Manufacturing, Technical and Scientific Products",40.37,20.24,23.62,29.37,50.48,75.22
"517041    ","Sawing Machine Setters, Operators, and Tenders, Wood",20.64,16.00,16.67,19.17,23.04,28.77
"339094    ","School Bus Monitors",17.78,12.92,15.55,15.80,19.40,24.14
"193034    ","School Psychologists",49.32,31.66,40.61,44.60,67.53,71.58
"252031    ","Secondary School Teachers, Except Special and Career/Technical Education",80640.00,54100.00,65480.00,80940.00,95330.00,106040.00
"436014    ","Secretaries and Administrative Assistants, Except Legal, Medical, and Executive",21.71,13.98,17.29,20.80,24.81,30.26
"413031    ","Securities, Commodities, and Financial Services Sales Agents",54.33,22.62,28.28,38.25,45.34,*
"492098    ","Security and Fire Alarm Systems Installers",33.38,19.23,23.75,29.40,43.29,50.00
"339032    ","Security Guards",25.10,16.75,18.04,22.74,30.65,35.76
"253021    ","Self-Enrichment Teachers",29.24,17.31,21.64,26.64,36.92,36.98
"519012    ","Separating, Filtering, Clarifying, Precipitating, and Still Machine Setters, Operators, and Tenders",31.65,17.00,23.33,34.06,41.18,41.45
"474071    ","Septic Tank Servicers and Sewer Pipe Cleaners",24.79,14.41,19.60,23.35,26.10,38.50
"475013    ","Service Unit Operators, Oil and Gas",51.78,29.60,40.99,58.22,59.54,69.16
"516031    ","Sewing Machine Operators",21.98,16.10,17.39,20.00,27.23,29.31
"472211    ","Sheet Metal Workers",43.66,26.98,36.07,47.88,48.84,55.96
"535031    ","Ship Engineers",41.92,22.03,33.44,39.40,49.11,64.21
"435071    ","Shipping, Receiving, and Inventory Clerks",24.00,16.78,18.34,22.60,27.80,35.80
"533053    ","Shuttle Drivers and Chauffeurs",20.12,14.22,15.00,17.47,24.59,28.23
"395094    ","Skincare Specialists",19.70,17.96,18.44,18.46,18.57,24.39
"119151    ","Social and Community Service Managers",42.51,24.35,31.74,40.44,51.11,62.23
"211093    ","Social and Human Service Assistants",22.50,16.64,18.45,21.74,25.71,29.56
"193099    ","Social Scientists and Related Workers, All Other",40.28,15.66,35.00,39.64,48.68,56.43
"211029    ","Social Workers, All Other",33.02,21.10,24.38,27.71,43.27,52.93
"151252    ","Software Developers",70.01,41.95,52.27,72.79,84.83,93.45
"151253    ","Software Quality Assurance Analysts and Testers",51.73,47.91,47.91,47.91,63.38,63.38
"191013    ","Soil and Plant Scientists",37.29,29.83,30.95,34.35,41.65,47.56
"472231    ","Solar Photovoltaic Installers",34.21,30.87,30.94,30.95,38.17,38.17
"252057    ","Special Education Teachers, Middle School",79510.00,59790.00,68150.00,83390.00,84700.00,103850.00
"252051    ","Special Education Teachers, Preschool",64420.00,30580.00,49130.00,60170.00,83530.00,106430.00
"252058    ","Special Education Teachers, Secondary School",79050.00,65330.00,65640.00,80760.00,83990.00,100390.00
"291127    ","Speech-Language Pathologists",46.57,33.02,40.98,47.82,51.93,59.32
"518021    ","Stationary Engineers and Boiler Operators",38.93,16.88,27.23,43.66,48.60,52.21
"152041    ",Statisticians,48.91,28.77,37.90,45.64,58.35,70.37
"537065    ","Stockers and Order Fillers",19.89,14.84,17.41,18.30,22.02,25.93
"472221    ","Structural Iron and Steel Workers",34.16,27.00,30.49,35.47,37.40,41.59
"512041    ","Structural Metal Fabricators and Fitters",28.22,22.43,23.22,28.71,31.12,36.43
"253031    ","Substitute Teachers, Short-Term",*,*,*,*,*,*
"291249    ","Surgeons, All Other",407300.00,70.53,*,*,*,*
"299093    ","Surgical Assistants",26.95,19.55,19.55,22.77,36.73,38.00
"292055    ","Surgical Technologists",35.31,24.52,28.20,37.70,39.19,43.44
"173031    ","Surveying and Mapping Technicians",33.28,17.27,22.26,32.00,42.03,50.53
"171022    ",Surveyors,42.59,26.93,35.27,38.13,51.22,62.21
"432011    ","Switchboard Operators, Including Answering Service",16.45,13.93,14.89,16.08,16.92,22.44
"516052    ","Tailors, Dressmakers, and Custom Sewers",17.58,16.96,17.25,17.36,17.41,17.41
"537121    ","Tank Car, Truck, and Ship Loaders",37.05,30.04,36.21,38.46,38.46,44.57
"132081    ","Tax Examiners and Collectors, and Revenue Agents",46.26,29.22,32.89,44.66,56.93,67.61
"132082    ","Tax Preparers",32.42,19.85,23.96,36.17,36.18,40.22
"253099    ","Teachers and Instructors, All Other",66900.00,42850.00,47290.00,61850.00,77900.00,96050.00
"259044    ","Teaching Assistants, Postsecondary",28690.00,23000.00,23000.00,23000.00,23000.00,52140.00
"273042    ","Technical Writers",37.09,25.00,30.00,38.75,43.17,45.13
"492022    ","Telecommunications Equipment Installers and Repairers, Except Line Installers",41.63,28.26,43.69,45.37,45.40,45.94
"499052    ","Telecommunications Line Installers and Repairers",38.43,18.30,34.49,34.96,46.26,54.27
"433071    ",Tellers,20.76,18.28,18.81,20.34,22.18,23.25
"291129    ","Therapists, All Other",53.61,37.68,41.40,49.84,51.75,78.00
"493093    ","Tire Repairers and Changers",19.48,14.71,15.32,17.95,20.67,28.33
"232093    ","Title Examiners, Abstractors, and Searchers",34.72,19.92,27.18,35.08,41.49,46.18
"397010    ","Tour and Travel Guides",23.82,15.35,17.68,22.98,27.12,35.97
"113131    ","Training and Development Managers",59.47,33.31,39.10,51.59,63.58,92.75
"131151    ","Training and Development Specialists",35.32,21.78,29.32,32.69,40.80,52.14
"530000    ","Transportation and Material Moving Occupations",31.36,15.93,18.25,23.64,35.09,50.77
"339093    ","Transportation Security Screeners",30.81,23.94,27.49,30.03,33.68,39.32
"536099    ","Transportation Workers, All Other",27.90,22.54,24.29,26.67,32.63,35.19
"113071    ","Transportation, Storage, and Distribution Managers",56.46,36.56,44.53,51.27,63.06,86.55
"413041    ","Travel Agents",24.64,18.27,18.62,21.46,29.90,36.28
"373013    ","Tree Trimmers and Pruners",33.79,21.13,26.29,36.64,37.90,46.73
"253041    ",Tutors,25.12,18.16,19.45,24.58,25.23,36.99
"272023    ","Umpires, Referees, and Other Sports Officials",41130.00,23490.00,35890.00,37670.00,45540.00,49100.00
"475049    ","Underground Mining Machine Operators, All Other",40.18,36.95,36.95,40.18,40.49,47.88
"193051    ","Urban and Regional Planners",38.79,21.35,27.00,39.24,46.33,53.86
"393031    ","Ushers, Lobby Attendants, and Ticket Takers",15.05,12.16,14.13,14.47,17.03,17.27
"291131    ",Veterinarians,*,*,*,*,*,*
"319096    ","Veterinary Assistants and Laboratory Animal Caretakers",18.73,15.00,17.14,18.42,19.91,22.01
"292056    ","Veterinary Technologists and Technicians",21.88,16.56,17.29,22.37,24.07,27.60
"353031    ","Waiters and Waitresses",17.38,10.92,11.16,12.80,18.56,36.58
"518031    ","Water and Wastewater Treatment Plant and System Operators",35.12,21.15,25.84,37.19,41.42,48.38
"151255    ","Web and Digital Interface Designers",34.14,24.34,30.07,33.49,33.49,47.02
"151254    ","Web Developers",47.58,32.79,40.96,42.35,51.96,65.69
"514121    ","Welders, Cutters, Solderers, and Brazers",38.08,26.72,30.46,37.07,43.97,51.30
"514122    ","Welding, Soldering, and Brazing Machine Setters, Operators, and Tenders",31.35,24.54,26.28,31.02,37.56,38.90
"439022    ","Word Processors and Typists",24.59,20.42,21.10,24.51,27.62,28.05
"191023    ","Zoologists and Wildlife Biologists",40.76,27.62,32.96,40.39,46.38,55.83
